Zählung Helmchen,Scan-Dateiname,originale Scan-Nummer,Verschiebung,Eintrag,Foliierung ar.,Foliierung lat.,logische Sortierung,Kommentar
Vorderdeckel außen,(Scan fehlt),,,,,,,
Vorderdeckel innen,(Scan fehlt),,,,,,,
fol. 1r,(Scan fehlt),,,,,,,
fol. 1v,GB-D_0001,#0001,0,(leer),,,,
fol. 2r,GB-D_0002,#0002,0,(GRDB. WIEN),,,,
fol. 2v,GB-D_0003,#0003,0,(leer),,,,
fol. 3r,GB-D_0004,#0004,0,GB-D 0004-x,1,I,A,
fol. 3v,GB-D_0005,#0005,0,GB-D 0005-x,,,,
fol. 4r,GB-D_0006,#0006,0,GB-D 0006-x,2,ii,,
fol. 4v,GB-D_0007,#0007,0,GB-D 0007-x,,,,
fol. 5r,GB-D_0008,#0008,0,GB-D 0008-x,3,iii,,
fol. 5v,GB-D_0009,#0009,0,GB-D 0009-x,,,,
fol. 6r,GB-D_0010,#0010,0,GB-D 0010-x,4,iiii,,
fol. 6v,GB-D_0011,#0011,0,GB-D 0011-x,,,,
fol. 7r,GB-D_0012,#0012,0,GB-D 0012-x,5,v,,
fol. 7v,GB-D_0013,#0013,0,GB-D 0013-x,,,,
fol. 8r,GB-D_0014,#0014,0,GB-D 0014-x,6,vi,,
fol. 8v,GB-D_0015,#0015,0,GB-D 0015-x,,,,
fol. 9r,GB-D_0016,#0016,0,GB-D 0016-x,7,vii,,
fol. 9v,GB-D_0017,#0017,0,GB-D 0017-x,,,,
fol. 10r,GB-D_0018,#0018,0,GB-D 0018-x,8,viii,,
fol. 10v,GB-D_0019,#0019,0,GB-D 0019-x,,,,
fol. 11r,GB-D_0020,#0020,0,GB-D 0020-x,9,viiii,,
fol. 11v,GB-D_0021,#0021,0,GB-D 0021-x,,,,
fol. 12r,GB-D_0022,#0022,0,GB-D 0022-x,10,x,,
fol. 12v,GB-D_0023,#0023,0,GB-D 0023-x,,,,
fol. 13r,GB-D_0024,#0024,0,GB-D 0024-x,11,xi,,
fol. 13v,GB-D_0025,#0025,0,GB-D 0025-x,,,,
fol. 14r,GB-D_0026,#0026,0,GB-D 0026-x,12,xii,,
fol. 14v,GB-D_0027,#0027,0,GB-D 0027-x,,,,
fol. 15r,GB-D_0028,#0028,0,GB-D 0028-x,13,xiii,,
fol. 15v,GB-D_0029,#0029,0,GB-D 0029-x,,,,
fol. 16r,GB-D_0030,#0030,0,GB-D 0030-x,14,xiiii,,
fol. 16v,GB-D_0031,#0031,0,GB-D 0031-x,,,,
fol. 17r,GB-D_0032,#0032,0,GB-D 0032-x,15,xv,,
fol. 17v,GB-D_0033,#0033,0,GB-D 0033-x,,,,
fol. 18r,GB-D_0034,#0034,0,GB-D 0034-x,16,xvi,,
fol. 18v,GB-D_0035,#0035,0,GB-D 0035-x,,,,
fol. 19r,GB-D_0036,#0036,0,GB-D 0036-x,17,xvii,,
fol. 19v,GB-D_0037,#0037,0,GB-D 0037-x,,,,
fol. 20r,GB-D_0038,#0038,0,GB-D 0038-x,18,xviii,,
fol. 20v,GB-D_0039,#0039,0,GB-D 0039-x,,,,
fol. 21r,GB-D_0040,#0040,0,GB-D 0040-x,19,xviiii,,
fol. 21v,GB-D_0041,#0041,0,GB-D 0041-x,,,,
fol. 22r,GB-D_0042,#0042,0,GB-D 0042-x,20,xx,,
fol. 22v,GB-D_0043,#0043,0,GB-D 0043-x,,,,
fol. 23r,GB-D_0044,#0044,0,GB-D 0044-x,21,xxi,,
fol. 23v,GB-D_0045,#0045,0,GB-D 0045-x,,,,
fol. 24r,GB-D_0046,#0046,0,GB-D 0046-x,22,xxii,,
fol. 24v,GB-D_0047,#0047,0,GB-D 0047-x,,,,
fol. 25r,GB-D_0048,#0048,0,GB-D 0048-x,23,xxiii,,
fol. 25v,GB-D_0049,#0049,0,GB-D 0049-x,,,,
fol. 26r,GB-D_0050,#0050,0,GB-D 0050-x,24,xxiiii,,
fol. 26v,GB-D_0051,#0051,0,GB-D 0051-x,,,,
fol. 27r,GB-D_0052,#0052,0,GB-D 0052-x,25,xxv,,
fol. 27v,GB-D_0053,#0053,0,GB-D 0053-x,,,,
fol. 28r,GB-D_0054,#0054,0,GB-D 0054-x,26,xxvi,,
fol. 28v,GB-D_0055,#0055,0,GB-D 0055-x,,,,
fol. 29r,GB-D_0056,#0056,0,GB-D 0056-x,{89},{xxvii},,
fol. 29v,GB-D_0057,#0057,0,GB-D 0057-x,,,,
fol. 30r,GB-D_0058,#0058,0,GB-D 0058-x,28,xxviii,,
fol. 30v,GB-D_0059,#0059,0,GB-D 0059-x,,,,
fol. 31r,GB-D_0060,#0060,0,GB-D 0060-x,29,xxviii,,
fol. 31v,GB-D_0061,#0061,0,GB-D 0061-x,,,,
fol. 32r,GB-D_0062,#0062,0,GB-D 0062-x,30,xxx,,
fol. 32v,GB-D_0063,#0063,0,GB-D 0063-x,,,,
fol. 33r,GB-D_0064,#0064,0,GB-D 0064-x,31,,,
fol. 33v,GB-D_0065,#0065,0,GB-D 0065-x,,,,
fol. 34r,GB-D_0066,#0066,0,GB-D 0066-x,32,,,
fol. 34v,GB-D_0067,#0067,0,GB-D 0067-x,,,,
fol. 35r,GB-D_0068,#0068,0,GB-D 0068-x,33,,,
fol. 35v,GB-D_0069,#0069,0,GB-D 0069-x,,,,
fol. 36r,GB-D_0070,#0070,0,GB-D 0070-x,34,,,
fol. 36v,GB-D_0071,#0071,0,GB-D 0071-x,,,,
fol. 37r,GB-D_0072,#0072,0,GB-D 0072-x,35,,,
fol. 37v,GB-D_0073,#0073,0,GB-D 0073-x,,,,
fol. 38r,GB-D_0074,#0074,0,GB-D 0074-x,36,,,
fol. 38v,GB-D_0075,#0075,0,GB-D 0075-x,,,,
fol. 39r,GB-D_0076,#0076,0,GB-D 0076-x,37,,,
fol. 39v,GB-D_0077,#0077,0,GB-D 0077-x,,,,
fol. 40r,GB-D_0078,#0078,0,GB-D 0078-x,38,,,
fol. 40v,GB-D_0079,#0079,0,(leer),,,,
fol. 41r,GB-D_0080,#0080,0,GB-D 0080-x,39,xxv,B,
fol. 41v,GB-D_0081,#0081,0,GB-D 0081-x,,,,
fol. 42r,GB-D_0082,#0082,0,GB-D 0082-x,40,xxvi,,
fol. 42v,GB-D_0083,#0083,0,GB-D 0083-x,,,,
fol. 43r,GB-D_0084,#0084,0,GB-D 0084-x,41,xxvii,,
fol. 43v,GB-D_0085,#0085,0,GB-D 0085-x,,,,
fol. 44r,GB-D_0086,#0086,0,GB-D 0086-x,42,xxviii,,
fol. 44v,GB-D_0087,#0087,0,GB-D 0087-x,,,,
fol. 45r,GB-D_0088,#0088,0,GB-D 0088-x,43,xxviiii,,
fol. 45v,GB-D_0089,#0089,0,GB-D 0089-x,,,,
fol. 46r,GB-D_0090,#0090,0,GB-D 0090-x,44,xxx,,
fol. 46v,GB-D_0091,#0091,0,GB-D 0091-x,,,,
fol. 47r,GB-D_0092,#0092,0,GB-D 0092-x,45,xxxi,,
fol. 47v,GB-D_0093,#0093,0,GB-D 0093-x,,,,
fol. 48r,GB-D_0094,#0094,0,GB-D 0094-x,46,xxxii,,
fol. 48v,GB-D_0095,#0095,0,GB-D 0095-x,,,,
fol. 49r,GB-D_0096,#0096,0,GB-D 0096-x,47,xxxiii,,
fol. 49v,GB-D_0097,#0097,0,GB-D 0097-x,,,,
fol. 50r,GB-D_0098,#0098,0,GB-D 0098-x,48,xxxiiii,,
fol. 50v,GB-D_0099,#0099,0,GB-D 0099-x,,,,
fol. 51r,GB-D_0100,#0100,0,GB-D 0100-x,49,xxxv,,
fol. 51v,GB-D_0101,#0101,0,GB-D 0101-x,,,,
fol. 52r,GB-D_0102,#0102,0,GB-D 0102-x,50,xxxvi,,
fol. 52v,GB-D_0103,#0103,0,GB-D 0103-x,,,,
fol. 53r,GB-D_0104,#0104,0,GB-D 0104-x,52,xxxvii,,
fol. 53v,GB-D_0105,#0105,0,GB-D 0105-x,,,,
fol. 54r,GB-D_0106,#0106,0,GB-D 0106-x,52,xxxviii,,
fol. 54v,GB-D_0107,#0107,0,GB-D 0107-x,,,,
fol. 55r,GB-D_0108,#0108,0,GB-D 0108-x,53,xxxviiii,,
fol. 55v,GB-D_0109,#0109,0,GB-D 0109-x,,,,
fol. 56r,GB-D_0110,#0110,0,GB-D 0110-x,54,xl,,
fol. 56v,GB-D_0111,#0111,0,GB-D 0111-x,,,,
fol. 57r,GB-D_0112,#0112,0,GB-D 0112-x,55,xli,,
fol. 57v,GB-D_0113,#0113,0,GB-D 0113-x,,,,
fol. 58r,GB-D_0114,#0114,0,GB-D 0114-x,56,xlii,,
fol. 58v,GB-D_0115,#0115,0,GB-D 0115-x,,,,
fol. 59r,GB-D_0116,#0116,0,GB-D 0116-x,57,xliii,,
fol. 59v,GB-D_0117,#0117,0,GB-D 0117-x,,,,
fol. 60r,GB-D_0118,#0118,0,(leer),58,xliiii,,
fol. 60v,GB-D_0119,#0119,0,(leer),,,,
fol. 61r,GB-D_0120,#0120,0,(leer),59,xlv,,
fol. 61v,GB-D_0121,#0121,0,(leer),,,,
fol. 62r,GB-D_0122,#0122,0,(leer),60,xlvi,,
fol. 62v,GB-D_0123,#0123,0,(leer),,,,
fol. 63r,GB-D_0124,#0124,0,(leer),61,xlvii,,
fol. 63v,GB-D_0125,#0125,0,(leer),,,,
fol. 64r,GB-D_0126,#0126,0,(leer),62,xlviii,,
fol. 64v,GB-D_0127,#0127,0,(leer),,,,
fol. 65r,GB-D_0128,#0128,0,(leer),63,xlviiii,,
fol. 65v,GB-D_0129,#0129,0,(leer),,,,
fol. 66r,GB-D_0130,#0130,0,(leer),64,l,,
fol. 66v,GB-D_0131,#0131,0,(leer),,,,
fol. 67r,GB-D_0132,#0132,0,(leer),65,li,,
fol. 67v,GB-D_0133,#0133,0,(leer),,,,
fol. 68r,GB-D_0134,#0134,0,GB-D 0134-x,66,lii,C,
fol. 68v,GB-D_0135,#0135,0,GB-D 0135-x,,,,
fol. 69r,GB-D_0136,#0136,0,GB-D 0136-x,67,liii,,
fol. 69v,GB-D_0137,#0137,0,GB-D 0137-x,,,,
fol. 70r,GB-D_0138,#0138,0,GB-D 0138-x,68,liiii,,
fol. 70v,GB-D_0139,#0139,0,GB-D 0139-x,,,,
fol. 71r,GB-D_0140,#0140,0,GB-D 0140-x,69,lv,,
fol. 71v,GB-D_0141,#0141,0,GB-D 0141-x,,,,
fol. 72r,GB-D_0142,#0142,0,GB-D 0142-x,70,lvi,,
fol. 72v,GB-D_0143,#0143,0,GB-D 0143-x,,,,
fol. 73r,GB-D_0144,#0144,0,GB-D 0144-x,71,lvii,,
fol. 73v,GB-D_0145,#0145,0,GB-D 0145-x,,,,
fol. 74r,GB-D_0146,#0146,0,GB-D 0146-x,72,lviii,,
fol. 74v,GB-D_0147,#0147,0,GB-D 0147-x,,,,
fol. 75r,GB-D_0148,#0148,0,GB-D 0148-x,73,lviiii,,
fol. 75v,GB-D_0149,#0149,0,GB-D 0149-x,,,,
fol. 76r,GB-D_0150,#0150,0,GB-D 0150-x,74,lx,,
fol. 76v,GB-D_0151,#0151,0,GB-D 0151-x,,,,
fol. 77r,GB-D_0152,#0152,0,GB-D 0152-x,75,lx,,
fol. 77v,GB-D_0153,#0153,0,GB-D 0153-x,,,,
fol. 78r,GB-D_0154,#0154,0,GB-D 0154-x,76,lxii,,
fol. 78v,GB-D_0155,#0155,0,GB-D 0155-x,,,,
fol. 79r,GB-D_0156,#0156,0,GB-D 0156-x,77,lxiii,,
fol. 79v,GB-D_0157,#0157,0,GB-D 0157-x,,,,
fol. 80r,GB-D_0158,#0158,0,GB-D 0158-x,78,lxiiii,,
fol. 80v,GB-D_0159,#0159,0,GB-D 0159-x,,,,
fol. 81r,GB-D_0160,#0160,0,GB-D 0160-x,79,lxv,,
fol. 81v,GB-D_0161,#0161,0,GB-D 0161-x,,,,
fol. 82r,GB-D_0162,#0162,0,GB-D 0162-x,80,lxvi,,
fol. 82v,GB-D_0163,#0163,0,GB-D 0163-x,,,,
fol. 83r,GB-D_0164,#0164,0,GB-D 0164-x,81,lxvii,,
fol. 83v,GB-D_0165,#0165,0,GB-D 0165-x,,,,
fol. 84r,GB-D_0166,#0166,0,GB-D 0166-x,82,lxviii,,
fol. 84v,GB-D_0167,#0167,0,GB-D 0167-x,,,,
fol. 85r,GB-D_0168,#0168,0,GB-D 0168-x,83,lxviiii,,
fol. 85v,GB-D_0169,#0169,0,GB-D 0169-x,,,,
fol. 86r,GB-D_0170,#0170,0,GB-D 0170-x,84,lxx,,
fol. 86v,GB-D_0171,#0171,0,GB-D 0171-x,,,,
fol. 87r,GB-D_0172,#0172,0,GB-D 0172-x,85,lxxi,,
fol. 87v,GB-D_0173,#0173,0,GB-D 0173-x,,,,
fol. 88r,GB-D_0174,#0174,0,GB-D 0174-x,86,lxxii,,
fol. 88v,GB-D_0175,#0175,0,GB-D 0175-x,,,,
fol. 89r,GB-D_0176,#0176,0,GB-D 0176-x,87,lxxiii,,
fol. 89v,GB-D_0177,#0177,0,GB-D 0177-x,,,,
fol. 90r,GB-D_0178,#0178,0,GB-D 0178-x,88,lxxiiii,,
fol. 90v,GB-D_0179,#0179,0,GB-D 0179-x,,,,
fol. 91r,GB-D_0180,#0180,0,GB-D 0180-x,89,lxxv,,
fol. 91v,GB-D_0181,#0181,0,GB-D 0181-x,,,,
fol. 92r,GB-D_0182,#0182,0,GB-D 0182-x,90,lxxvi,,
fol. 92v,GB-D_0183,#0183,0,GB-D 0183-x,,,,
fol. 93r,GB-D_0184,#0184,0,GB-D 0184-x,91,lxxvii,,
fol. 93v,GB-D_0185,#0185,0,GB-D 0185-x,,,,
fol. 94r,GB-D_0186,#0186,0,GB-D 0186-x,92,lxxviii,,
fol. 94v,GB-D_0187,#0187,0,GB-D 0187-x,,,,
fol. 95r,GB-D_0188,#0188,0,GB-D 0188-x,93,lxxviiii,,
fol. 95v,GB-D_0189,#0189,0,GB-D 0189-x,,,,
fol. 96r,GB-D_0190,#0190,0,GB-D 0190-x,94,lxxx,,
fol. 96v,GB-D_0191,#0191,0,GB-D 0191-x,,,,
fol. 97r,GB-D_0192,#0192,0,GB-D 0192-x,95,lxxxi,,
fol. 97v,GB-D_0193,#0193,0,(leer),,,,
fol. 98r,GB-D_0194,#0194,0,(leer),96,lxxxii,,
fol. 98v,GB-D_0195,#0195,0,(leer),,,,
fol. 99r,GB-D_0196,#0196,0,(leer),97,lxxxiii,,
fol. 99v,GB-D_0197,#0197,0,(leer),,,,
fol. 100r,GB-D_0198,#0198,0,(leer),98,lxxxiiii,,
fol. 100v,GB-D_0199,#0199,0,(leer),,,,
fol. 101r,GB-D_0200,#0200,0,(leer),99,lxxxv,,
fol. 101v,GB-D_0201,#0201,0,(leer),,,,
fol. 102r,GB-D_0202,#0202,0,(leer),100,lxxxvi,,
fol. 102v,GB-D_0203,#0203,0,(leer),,,,
fol. 103r,GB-D_0204,#0204,0,GB-D 0204-x,101,lxxxvii,D,
fol. 103v,GB-D_0205,#0207,2,GB-D 0205-x,,,,205/206 = 203/204
fol. 104r,GB-D_0206,#0208,2,GB-D 0206-x,102,lxxxviii,,
fol. 104v,GB-D_0207,#0209,2,GB-D 0207-x,,,,
fol. 105r,GB-D_0208,#0210,2,GB-D 0208-x,103,lxxxviiii,,
fol. 105v,GB-D_0209,#0211,2,GB-D 0209-x,,,,
fol. 106r,GB-D_0210,#0212,2,GB-D 0210-x,104,lxxxx,,
fol. 106v,GB-D_0211,#0213,2,GB-D 0211-x,,,,
fol. 107r,GB-D_0212,#0214,2,GB-D 0212-x,105,lxxxxi,,
fol. 107v,GB-D_0213,#0215,2,GB-D 0213-x,,,,
fol. 108r,GB-D_0214,#0216,2,GB-D 0214-x,106,lxxxxii,,
fol. 108v,GB-D_0215,(216a),,GB-D 0215-x,,,,zwei Scans nachträglich eingefügt
fol. 109r,GB-D_0216,(216b),,GB-D 0216-x,107,lxxxxiii,,
fol. 109v,GB-D_0217,#0219,2,GB-D 0217-x,,,,217/218 = 213/214
fol. 110r,GB-D_0218,#0220,2,GB-D 0218-x,108,lxxxxiiii,,
fol. 110v,GB-D_0219,#0221,2,GB-D 0219-x,,,,
fol. 111r,GB-D_0220,#0222,2,GB-D 0220-x,109,lxxxxv,,
fol. 111v,GB-D_0221,#0223,2,GB-D 0221-x,,,,
fol. 112r,GB-D_0222,#0224,2,GB-D 0222-x,110,lxxxxvi,,
fol. 112v,GB-D_0223,#0225,2,GB-D 0223-x,,,,
fol. 113r,GB-D_0224,#0226,2,GB-D 0224-x,111,lxxxxvii,,
fol. 113v,GB-D_0225,#0227,2,GB-D 0225-x,,,,
fol. 114r,GB-D_0226,#0228,2,GB-D 0226-x,112,lxxxxviii,,
fol. 114v,GB-D_0227,#0229,2,GB-D 0227-x,,,,
fol. 115r,GB-D_0228,#0230,2,(leer),113,lxxxxviiii,,
fol. 115v,GB-D_0229,#0231,2,(leer),,,,
fol. 116r,GB-D_0230,#0232,2,(leer),114,C,,
fol. 116v,GB-D_0231,#0233,2,(leer),,,,
fol. 117r,GB-D_0232,#0234,2,(leer),115,Ci,,
fol. 117v,GB-D_0233,#0235,2,(leer),,,,
fol. 118r,GB-D_0234,#0236,2,(leer),116,Cii,,
fol. 118v,GB-D_0235,#0237,2,(leer),,,,
fol. 119r,GB-D_0236,#0238,2,(leer),117,Ciii,,
fol. 119v,GB-D_0237,#0239,2,(leer),,,,
fol. 120r,GB-D_0238,#0240,2,(leer),118,Ciiii,,
fol. 120v,GB-D_0239,#0241,2,(leer),,,,
fol. 121r,GB-D_0240,#0242,2,(leer),119,Cv,,
fol. 121v,GB-D_0241,#0243,2,(leer),,,,
fol. 122r,GB-D_0242,#0244,2,(leer),120,Cvi,,
fol. 122v,GB-D_0243,#0245,2,(leer),,,,
fol. 123r,GB-D_0244,#0246,2,(leer),122,cviii,,121 fehlt im Band
fol. 123v,GB-D_0245,#0247,2,(leer),,,,
fol. 124r,GB-D_0246,#0248,2,GB-D 0246-x,123,Cviiii,E,
fol. 124v,GB-D_0247,#0249,2,GB-D 0247-x,,,,
fol. 125r,GB-D_0248,#0250,2,GB-D 0248-x,124,C x,,
fol. 125v,GB-D_0249,#0251,2,GB-D 0249-x,,,,
fol. 126r,GB-D_0250,#0252,2,GB-D 0250-x,125,Cxi,,
fol. 126v,GB-D_0251,#0253,2,GB-D 0251-x,,,,
fol. 127r,GB-D_0252,#0254,2,GB-D 0252-x,126,Cxii,,
fol. 127v,GB-D_0253,#0255,2,GB-D 0253-x,,,,
fol. 128r,GB-D_0254,#0256,2,GB-D 0254-x,127,Cxiii,,
fol. 128v,GB-D_0255,#0257,2,GB-D 0255-x,,,,
fol. 129r,GB-D_0256,#0258,2,GB-D 0256-x,128,Cxiiii,,
fol. 129v,GB-D_0257,#0259,2,GB-D 0257-x,,,,
fol. 130r,GB-D_0258,#0260,2,GB-D 0258-x,129,C xv,,
fol. 130v,GB-D_0259,#0263,4,GB-D 0259-x,,,,261/262 = 259/260
fol. 131r,GB-D_0260,#0264,4,GB-D 0260-x,130,Cxvi,,
fol. 131v,GB-D_0261,#0265,4,GB-D 0261-x,,,,
fol. 132r,GB-D_0262,#0266,4,GB-D 0262-x,131,Cxvii,,
fol. 132v,GB-D_0263,#0267,4,GB-D 0263-x,,,,
fol. 133r,GB-D_0264,#0268,4,GB-D 0264-x,132,Cxviii,,
fol. 133v,GB-D_0265,#0269,4,GB-D 0265-x,,,,
fol. 134r,GB-D_0266,#0270,4,GB-D 0266-x,133,Cxviiii,,
fol. 134v,GB-D_0267,#0271,4,GB-D 0267-x,,,,
fol. 135r,GB-D_0268,#0272,4,GB-D 0268-x,134,Cxx,,
fol. 135v,GB-D_0269,#0273,4,GB-D 0269-x,,,,
fol. 136r,GB-D_0270,#0274,4,GB-D 0270-x,135,C xxi,,
fol. 136v,GB-D_0271,#0275,4,GB-D 0271-x,,,,
fol. 137r,GB-D_0272,#0276,4,GB-D 0272-x,136,Cxxii,,
fol. 137v,GB-D_0273,#0277,4,GB-D 0273-x,,,,
fol. 138r,GB-D_0274,#0278,4,GB-D 0274-x,137,Cxxiii,,
fol. 138v,GB-D_0275,#0279,4,GB-D 0275-x,,,,
fol. 139r,GB-D_0276,#0280,4,GB-D 0276-x,138,Cxxiiii,,
fol. 139v,GB-D_0277,#0281,4,GB-D 0277-x,,,,
fol. 140r,GB-D_0278,#0282,4,GB-D 0278-x,139,Cxxv,,
fol. 140v,GB-D_0279,#0283,4,GB-D 0279-x,,,,
fol. 141r,GB-D_0280,#0284,4,GB-D 0280-x,140,Cxxvi,,
fol. 141v,GB-D_0281,#0285,4,GB-D 0281-x,,,,
fol. 142r,GB-D_0282,#0286,4,(leer),141,Cxxvii,,
fol. 142v,GB-D_0283,#0287,4,(leer),,,,
fol. 143r,GB-D_0284,#0288,4,(leer),142,Cxxviii,,
fol. 143v,GB-D_0285,#0289,4,(leer),,,,
fol. 144r,GB-D_0286,#0290,4,GB-D 0286-x,143,Cxxviiii,F,
fol. 144v,GB-D_0287,#0291,4,GB-D 0287-x,,,,
fol. 145r,GB-D_0288,#0292,4,GB-D 0288-x,144,Cxxx,,
fol. 145v,GB-D_0289,#0293,4,GB-D 0289-x,,,,
fol. 146r,GB-D_0290,#0294,4,GB-D 0290-x,145,Cxxxi,,
fol. 146v,GB-D_0291,#0295,4,GB-D 0291-x,,,,
fol. 147r,GB-D_0292,#0296,4,GB-D 0292-x,146,Cxxxii,,
fol. 147v,GB-D_0293,#0297,4,GB-D 0293-x,,,,
fol. 148r,GB-D_0294,#0298,4,GB-D 0294-x,147,Cxxxiii,,
fol. 148v,GB-D_0295,#0299,4,GB-D 0295-x,,,,
fol. 149r,GB-D_0296,#0300,4,GB-D 0296-x,148,Cxxxiiii,,
fol. 149v,GB-D_0297,#0301,4,GB-D 0297-x,,,,
fol. 150r,GB-D_0298,#0302,4,GB-D 0298-x,149,Cxxxv,,
fol. 150v,GB-D_0299,#0303,4,(leer),,,,
fol. 151r,GB-D_0300,#0304,4,(leer),150,Cxxxvi,,
fol. 151v,GB-D_0301,#0305,4,(leer),,,,
fol. 152r,GB-D_0302,#0306,4,(leer),151,Cxxxvii,,
fol. 152v,GB-D_0303,#0307,4,(leer),,,,
fol. 153r,GB-D_0304,#0308,4,(leer),152,Cxxxviii,,
fol. 153v,GB-D_0305,#0309,4,(leer),,,,
fol. 154r,GB-D_0306,#0310,4,(leer),153,Cxxxviiii,,
fol. 154v,GB-D_0307,#0311,4,(leer),,,,
fol. 155r,GB-D_0308,#0312,4,(leer),154,Cxl,,
fol. 155v,GB-D_0309,#0313,4,(leer),,,,
fol. 156r,GB-D_0310,#0314,4,(leer),155,Cxli,,
fol. 156v,GB-D_0311,#0315,4,(leer),,,,
fol. 157r,GB-D_0312,#0316,4,(leer),156,Cxlii,,
fol. 157v,GB-D_0313,#0317,4,(leer),,,,
fol. 158r,GB-D_0314,#0318,4,(leer),157,Cxliii,,
fol. 158v,GB-D_0315,#0319,4,(leer),,,,
fol. 159r,GB-D_0316,#0320,4,GB-D 0316-x,158,C xliiii,G,
fol. 159v,GB-D_0317,#0321,4,GB-D 0317-x,,,,
fol. 160r,GB-D_0318,#0322,4,GB-D 0318-x,159,Cxlv,,
fol. 160v,GB-D_0319,#0323,4,GB-D 0319-x,,,,
fol. 161r,GB-D_0320,#0324,4,GB-D 0320-x,160,Cxlvi,,
fol. 161v,GB-D_0321,#0325,4,GB-D 0321-x,,,,
fol. 162r,GB-D_0322,#0326,4,GB-D 0322-x,161,Cxlvii,,
fol. 162v,GB-D_0323,#0327,4,GB-D 0323-x,,,,
fol. 163r,GB-D_0324,#0328,4,GB-D 0324-x,162,Cxlviii,,
fol. 163v,GB-D_0325,#0329,4,GB-D 0325-x,,,,
fol. 164r,GB-D_0326,#0330,4,GB-D 0326-x,163,C xlviiii,,
fol. 164v,GB-D_0327,#0331,4,(leer),,,,
fol. 165r,GB-D_0328,#0332,4,(leer),164,Cl,,
fol. 165v,GB-D_0329,#0333,4,(leer),,,,
fol. 166r,GB-D_0330,#0334,4,(leer),165,Cli,,
fol. 166v,GB-D_0331,#0335,4,(leer),,,,
fol. 167r,GB-D_0332,#0336,4,(leer),166,Clii,,
fol. 167v,GB-D_0333,#0337,4,(leer),,,,
fol. 168r,GB-D_0334,#0338,4,(leer),167,Cliii,,
fol. 168v,GB-D_0335,#0339,4,(leer),,,,
fol. 169r,GB-D_0336,#0340,4,(leer),168,Cliiii,,
fol. 169v,GB-D_0337,#0341,4,(leer),,,,
fol. 170r,GB-D_0338,#0342,4,(leer),169,Clv,,
fol. 170v,GB-D_0339,#0343,4,(leer),,,,
fol. 171r,GB-D_0340,#0344,4,GB-D 0340-x,170,C lvi,H,
fol. 171v,GB-D_0341,#0345,4,GB-D 0341-x,,,,
fol. 172r,GB-D_0342,#0346,4,GB-D 0342-x,171,C lvii,,
fol. 172v,GB-D_0343,#0347,4,GB-D 0343-x,,,,
fol. 173r,GB-D_0344,#0348,4,GB-D 0344-x,172,Clviii,,
fol. 173v,GB-D_0345,#0349,4,GB-D 0345-x,,,,
fol. 174r,GB-D_0346,#0350,4,GB-D 0346-x,173,C lviiii,,
fol. 174v,GB-D_0347,#0351,4,GB-D 0347-x,,,,
fol. 175r,GB-D_0348,#0352,4,GB-D 0348-x,174,Clx,,
fol. 175v,GB-D_0349,#0353,4,GB-D 0349-x,,,,
fol. 176r,GB-D_0350,#0354,4,GB-D 0350-x,175,C lxi,,
fol. 176v,GB-D_0351,#0355,4,GB-D 0351-x,,,,
fol. 177r,GB-D_0352,#0356,4,GB-D 0352-x,176,Clxii,,
fol. 177v,GB-D_0353,#0357,4,GB-D 0353-x,,,,
fol. 178r,GB-D_0354,#0358,4,GB-D 0354-x,177,Clxiii,,
fol. 178v,GB-D_0355,#0359,4,GB-D 0355-x,,,,
fol. 179r,GB-D_0356,#0360,4,GB-D 0356-x,178,C lxiiii,,
fol. 179v,GB-D_0357,#0361,4,GB-D 0357-x,,,,
fol. 180r,GB-D_0358,#0362,4,GB-D 0358-x,179,C lxv,,
fol. 180v,GB-D_0359,#0363,4,GB-D 0359-x,,,,
fol. 181r,GB-D_0360,#0364,4,GB-D 0360-x,180,Clxvi,,
fol. 181v,GB-D_0361,#0365,4,GB-D 0361-x,,,,
fol. 182r,GB-D_0362,#0366,4,GB-D 0362-x,181,Clxvii,,
fol. 182v,GB-D_0363,#0367,4,GB-D 0363-x,,,,
fol. 183r,GB-D_0364,#0368,4,GB-D 0364-x,182,C lxviii,,
fol. 183v,GB-D_0365,#0369,4,GB-D 0365-x,,,,
fol. 184r,GB-D_0366,#0370,4,GB-D 0366-x,183,Clxviiii,,
fol. 184v,GB-D_0367,#0371,4,GB-D 0367-x,,,,
fol. 185r,GB-D_0368,#0372,4,GB-D 0368-x,184,C lxx,,
fol. 185v,GB-D_0369,#0373,4,GB-D 0369-x,,,,
fol. 186r,GB-D_0370,#0374,4,GB-D 0370-x,185,C lxxi,,
fol. 186v,GB-D_0371,#0375,4,GB-D 0371-x,,,,
fol. 187r,GB-D_0372,#0376,4,GB-D 0372-x,186,C lxxii,,
fol. 187v,GB-D_0373,#0377,4,GB-D 0373-x,,,,
fol. 188r,GB-D_0374,#0378,4,GB-D 0374-x,187,C lxxiii,,
fol. 188v,GB-D_0375,#0379,4,GB-D 0375-x,,,,
fol. 189r,GB-D_0376,#0380,4,GB-D 0376-x,188,c lxxiiii,,
fol. 189v,GB-D_0377,#0381,4,GB-D 0377-x,,,,
fol. 190r,GB-D_0378,#0382,4,GB-D 0378-x,189,c lxxv,,
fol. 190v,GB-D_0379,#0383,4,GB-D 0379-x,,,,
fol. 191r,GB-D_0380,#0384,4,GB-D 0380-x,190,c lxxvi,,
fol. 191v,GB-D_0381,#0385,4,GB-D 0381-x,,,,
fol. 192r,GB-D_0382,#0386,4,GB-D 0382-x,191,clxxvii,,
fol. 192v,GB-D_0383,#0387,4,GB-D 0383-x,,,,
fol. 193r,GB-D_0384,#0388,4,GB-D 0384-x,192,clxxviii,,
fol. 193v,GB-D_0385,#0389,4,GB-D 0385-x,,,,
fol. 194r,GB-D_0386,#0390,4,GB-D 0386-x,193,c lxxviii,,
fol. 194v,GB-D_0387,#0391,4,GB-D 0387-x,,,,
fol. 195r,GB-D_0388,#0392,4,GB-D 0388-x,194,c lxxviiii,,
fol. 195v,GB-D_0389,#0393,4,GB-D 0389-x,,,,
fol. 196r,GB-D_0390,#0394,4,GB-D 0390-x,195,c lxxx,,
fol. 196v,GB-D_0391,#0395,4,GB-D 0391-x,,,,
fol. 197r,GB-D_0392,#0396,4,GB-D 0392-x,196,clxxxi,,
fol. 197v,GB-D_0393,#0397,4,GB-D 0393-x,,,,
fol. 198r,GB-D_0394,#0398,4,GB-D 0394-x,197,clxxxii,,
fol. 198v,GB-D_0395,#0399,4,GB-D 0395-x,,,,
fol. 199r,GB-D_0396,#0400,4,GB-D 0396-x,198,c lxxxiii,,
fol. 199v,GB-D_0397,#0401,4,GB-D 0397-x,,,,
fol. 200r,GB-D_0398,#0402,4,GB-D 0398-x,199,c lxxxiiii,,
fol. 200v,GB-D_0399,#0403,4,GB-D 0399-x,,,,
fol. 201r,GB-D_0400,#0404,4,GB-D 0400-x,200,c lxxxv,,
fol. 201v,GB-D_0401,#0407,6,GB-D 0401-x,,,,405/406 = 403/404
fol. 202r,GB-D_0402,#0408,6,GB-D 0402-x,201,clxxxvi,,
fol. 202v,GB-D_0403,#0409,6,GB-D 0403-x,,,,
fol. 203r,GB-D_0404,#0410,6,GB-D 0404-x,202,clxxxvii,,
fol. 203v,GB-D_0405,#0411,6,GB-D 0405-x,,,,
fol. 204r,GB-D_0406,#0412,6,GB-D 0406-x,203,clxxxviii,,
fol. 204v,GB-D_0407,#0413,6,GB-D 0407-x,,,,
fol. 205r,GB-D_0408,#0414,6,GB-D 0408-x,204,clxxxviiii,,
fol. 205v,GB-D_0409,#0415,6,GB-D 0409-x,,,,
fol. 206r,GB-D_0410,#0416,6,GB-D 0410-x,205,clxxxx,,
fol. 206v,GB-D_0411,#0417,6,GB-D 0411-x,,,,
fol. 207r,GB-D_0412,#0418,6,GB-D 0412-x,206,C lxxxxi,,
fol. 207v,GB-D_0413,#0419,6,GB-D 0413-x,,,,
fol. 208r,GB-D_0414,#0420,6,GB-D 0414-x,207,c lxxxxii,,
fol. 208v,GB-D_0415,#0421,6,GB-D 0415-x,,,,
fol. 209r,GB-D_0416,#0422,6,GB-D 0416-x,208,clxxxxiii,,
fol. 209v,GB-D_0417,#0423,6,GB-D 0417-x,,,,
fol. 210r,GB-D_0418,#0424,6,GB-D 0418-x,209,Clxxxxiiii,,
fol. 210v,GB-D_0419,#0425,6,GB-D 0419-x,,,,
fol. 211r,GB-D_0420,#0426,6,GB-D 0420-x,210,clxxxxv,,
fol. 211v,GB-D_0421,#0427,6,GB-D 0421-x,,,,
fol. 212r,GB-D_0422,#0428,6,GB-D 0422-x,211,clxxxxvi,,
fol. 212v,GB-D_0423,#0429,6,GB-D 0423-x,,,,
fol. 213r,GB-D_0424,#0430,6,GB-D 0424-x,212,clxxxxvii,,
fol. 213v,GB-D_0425,#0431,6,GB-D 0425-x,,,,
fol. 214r,GB-D_0426,#0432,6,GB-D 0426-x,213,clxxxxviii,,
fol. 214v,GB-D_0427,#0433,6,GB-D 0427-x,,,,
fol. 215r,GB-D_0428,#0434,6,GB-D 0428-x,214,clxxxxviiii,,
fol. 215v,GB-D_0429,#0435,6,GB-D 0429-x,,,,
fol. 216r,GB-D_0430,#0436,6,GB-D 0430-x,215,CC,,
fol. 216v,GB-D_0431,#0437,6,GB-D 0431-x,,,,
fol. 217r,GB-D_0432,#0438,6,GB-D 0432-x,216,cc i,,
fol. 217v,GB-D_0433,#0439,6,GB-D 0433-x,,,,
fol. 218r,GB-D_0434,#0440,6,GB-D 0434-x,217,cc ii,,
fol. 218v,GB-D_0435,#0441,6,GB-D 0435-x,,,,
fol. 219r,GB-D_0436,#0442,6,GB-D 0436-x,218,cc iii,,
fol. 219v,GB-D_0437,#0443,6,GB-D 0437-x,,,,
fol. 220r,GB-D_0438,#0444,6,GB-D 0438-x,219,cc iiii,,
fol. 220v,GB-D_0439,#0445,6,GB-D 0439-x,,,,
fol. 221r,GB-D_0440,#0446,6,GB-D 0440-x,220,cc v,,
fol. 221v,GB-D_0441,#0447,6,GB-D 0441-x,,,,
fol. 222r,GB-D_0442,#0448,6,GB-D 0442-x,221,cc vi,,
fol. 222v,GB-D_0443,#0449,6,GB-D 0443-x,,,,
fol. 223r,GB-D_0444,#0450,6,GB-D 0444-x,222,cc vii,,
fol. 223v,GB-D_0445,#0451,6,GB-D 0445-x,,,,
fol. 224r,GB-D_0446,#0452,6,GB-D 0446-x,223,cc viii,,
fol. 224v,GB-D_0447,#0453,6,GB-D 0447-x,,,,
fol. 225r,GB-D_0448,#0454,6,GB-D 0448-x,224,cc viiii,,
fol. 225v,GB-D_0449,#0455,6,GB-D 0449-x,,,,
fol. 226r,GB-D_0450,#0456,6,GB-D 0450-x,225,cc x,,
fol. 226v,GB-D_0451,#0457,6,GB-D 0451-x,,,,
fol. 227r,GB-D_0452,#0458,6,GB-D 0452-x,226,cc xi,,
fol. 227v,GB-D_0453,#0459,6,GB-D 0453-x,,,,
fol. 228r,GB-D_0454,#0460,6,GB-D 0454-x,227,cc xii,,
fol. 228v,GB-D_0455,#0461,6,GB-D 0455-x,,,,
fol. 229r,GB-D_0456,#0462,6,GB-D 0456-x,228,cc xiii,,
fol. 229v,GB-D_0457,#0463,6,GB-D 0457-x,,,,
fol. 230r,GB-D_0458,#0464,6,GB-D 0458-x,229,cc xiiii,,
fol. 230v,GB-D_0459,#0465,6,GB-D 0459-x,,,,
fol. 231r,GB-D_0460,#0466,6,GB-D 0460-x,230,cc xv,,
fol. 231v,GB-D_0461,#0467,6,GB-D 0461-x,,,,
fol. 232r,GB-D_0462,#0468,6,GB-D 0462-x,231,cc xvi,,
fol. 232v,GB-D_0463,#0469,6,GB-D 0463-x,,,,
fol. 233r,GB-D_0464,#0470,6,GB-D 0464-x,232,cc xvii,,
fol. 233v,GB-D_0465,#0471,6,GB-D 0465-x,,,,
fol. 234r,GB-D_0466,#0472,6,GB-D 0466-x,233,cc xviii,,
fol. 234v,GB-D_0467,#0473,6,GB-D 0467-x,,,,
fol. 235r,GB-D_0468,#0474,6,GB-D 0468-x,234,cc xviiii,,
fol. 235v,GB-D_0469,#0475,6,GB-D 0469-x,,,,
fol. 236r,GB-D_0470,#0476,6,GB-D 0470-x,235,cc xx,,
fol. 236v,GB-D_0471,#0477,6,GB-D 0471-x,,,,
fol. 237r,GB-D_0472,#0478,6,GB-D 0472-x,236,cc xxi,,
fol. 237v,GB-D_0473,#0479,6,GB-D 0473-x,,,,
fol. 238r,GB-D_0474,#0480,6,GB-D 0474-x,237,cc xxvi,,
fol. 238v,GB-D_0475,#0481,6,GB-D 0475-x,,,,
fol. 239r,GB-D_0476,#0482,6,GB-D 0476-x,238,cc xxiii,,
fol. 239v,GB-D_0477,#0483,6,GB-D 0477-x,,,,
fol. 240r,GB-D_0478,#0484,6,GB-D 0478-x,239,cc xxiiii,,
fol. 240v,GB-D_0479,#0485,6,GB-D 0479-x,,,,
fol. 241r,GB-D_0480,#0486,6,GB-D 0480-x,240,CC xxv,,
fol. 241v,GB-D_0481,#0487,6,GB-D 0481-x,,,,
fol. 242r,GB-D_0482,#0488,6,GB-D 0482-x,241,CC xxvi,,
fol. 242v,GB-D_0483,#0489,6,GB-D 0483-x,,,,
fol. 243r,GB-D_0484,#0490,6,GB-D 0484-x,242,CC xxvii,,
fol. 243v,GB-D_0485,#0491,6,GB-D 0485-x,,,,
fol. 244r,GB-D_0486,#0492,6,GB-D 0486-x,243,--228--,,
fol. 244v,GB-D_0487,#0493,6,GB-D 0487-x,,,,
fol. 245r,GB-D_0488,#0494,6,GB-D 0488-x,244,--229--,,
fol. 245v,GB-D_0489,#0495,6,GB-D 0489-x,,,,
fol. 246r,GB-D_0490,#0496,6,GB-D 0490-x,245,--230--,,
fol. 246v,GB-D_0491,#0497,6,GB-D 0491-x,,,,
fol. 247r,GB-D_0492,#0498,6,GB-D 0492-x,246,--231--,,
fol. 247v,GB-D_0493,#0499,6,GB-D 0493-x,,,,
fol. 248r,GB-D_0494,#0500,6,GB-D 0494-x,247,--232--,,
fol. 248v,GB-D_0495,#0501,6,GB-D 0495-x,,,,
fol. 249r,GB-D_0496,#0502,6,GB-D 0496-x,248,--233--,,
fol. 249v,GB-D_0497,#0503,6,GB-D 0497-x,,,,
fol. 250r,GB-D_0498,#0504,6,GB-D 0498-x,249,--234--,,
fol. 250v,GB-D_0499,#0505,6,GB-D 0499-x,,,,
fol. 251r,GB-D_0500,#0506,6,GB-D 0500-x,250,--235--,,
fol. 251v,GB-D_0501,#0507,6,GB-D 0501-x,,,,
fol. 252r,GB-D_0502,#0508,6,GB-D 0502-x,251,236,,
fol. 252v,GB-D_0503,#0509,6,GB-D 0503-x,,,,
fol. 253r,GB-D_0504,#0510,6,GB-D 0504-x,252,--237--,,
fol. 253v,GB-D_0505,#0511,6,GB-D 0505-x,,,,
fol. 254r,GB-D_0506,#0512,6,GB-D 0506-x,253,--238--,,
fol. 254v,GB-D_0507,#0513,6,GB-D 0507-x,,,,
fol. 255r,GB-D_0508,#0514,6,GB-D 0508-x,254,--239--,,
fol. 255v,GB-D_0509,#0515,6,GB-D 0509-x,,,,
fol. 256r,GB-D_0510,#0516,6,GB-D 0510-x,255,240,,
fol. 256v,GB-D_0511,#0519,8,GB-D 0511-x,,,,517/518 = 515/516
fol. 257r,GB-D_0512,#0520,8,GB-D 0512-x,256,--241--,,
fol. 257v,GB-D_0513,#0521,8,GB-D 0513-x,,,,
fol. 258r,GB-D_0514,#0522,8,GB-D 0514-x,257,--242--,,
fol. 258v,GB-D_0515,#0523,8,GB-D 0515-x,,,,
fol. 259r,GB-D_0516,#0524,8,GB-D 0516-x,258,--243--,,
fol. 259v,GB-D_0517,#0525,8,GB-D 0517-x,,,,
fol. 260r,GB-D_0518,#0526,8,GB-D 0518-x,259,--244--,,
fol. 260v,GB-D_0519,#0527,8,GB-D 0519-x,,,,
fol. 261r,GB-D_0520,#0528,8,GB-D 0520-x,260,--245--,,
fol. 261v,GB-D_0521,#0529,8,GB-D 0521-x,,,,
fol. 262r,GB-D_0522,#0530,8,GB-D 0522-x,261,--246--,,
fol. 262v,GB-D_0523,#0531,8,GB-D 0523-x,,,,
fol. 263r,GB-D_0524,#0532,8,GB-D 0524-x,262,--247--,,
fol. 263v,GB-D_0525,#0533,8,GB-D 0525-x,,,,
fol. 264r,GB-D_0526,#0534,8,GB-D 0526-x,263,--248--,,
fol. 264v,GB-D_0527,#0535,8,GB-D 0527-x,,,,
fol. 265r,GB-D_0528,#0536,8,GB-D 0528-x,264,--249--,,
fol. 265v,GB-D_0529,#0537,8,GB-D 0529-x,,,,
fol. 266r,GB-D_0530,#0538,8,GB-D 0530-x,265,--250--,,
fol. 266v,GB-D_0531,#0539,8,GB-D 0531-x,,,,
fol. 267r,GB-D_0532,#0540,8,GB-D 0532-x,266,--251--,,
fol. 267v,GB-D_0533,#0541,8,GB-D 0533-x,,,,
fol. 268r,GB-D_0534,#0542,8,GB-D 0534-x,267,--252--,,
fol. 268v,GB-D_0535,#0543,8,GB-D 0535-x,,,,
fol. 269r,GB-D_0536,#0544,8,GB-D 0536-x,268,cc xxv,I,
fol. 269v,GB-D_0537,#0545,8,GB-D 0537-x,,,,
fol. 270r,GB-D_0538,#0546,8,GB-D 0538-x,269,cc xxvi,,
fol. 270v,GB-D_0539,#0547,8,GB-D 0539-x,,,,
fol. 271r,GB-D_0540,#0548,8,GB-D 0540-x,270,--cc xxvii--,,
fol. 271v,GB-D_0541,#0549,8,GB-D 0541-x,,,,
fol. 272r,GB-D_0542,#0550,8,GB-D 0542-x,271,cc xxviii,,
fol. 272v,GB-D_0543,#0551,8,GB-D 0543-x,,,,
fol. 273r,GB-D_0544,#0552,8,GB-D 0544-x,272,cc xxviiii,,
fol. 273v,GB-D_0545,#0553,8,GB-D 0545-x,,,,
fol. 274r,GB-D_0546,#0554,8,GB-D 0546-x,273,cc xxx,,
fol. 274v,GB-D_0547,#0555,8,GB-D 0547-x,,,,
fol. 275r,GB-D_0548,#0556,8,GB-D 0548-x,274,cc xxxi,,
fol. 275v,GB-D_0549,#0557,8,GB-D 0549-x,,,,
fol. 276r,GB-D_0550,#0558,8,GB-D 0550-x,275,cc xxxii,,
fol. 276v,GB-D_0551,#0559,8,GB-D 0551-x,,,,
fol. 277r,GB-D_0552,#0560,8,GB-D 0552-x,276,cc xxxiii,,
fol. 277v,GB-D_0553,#0561,8,GB-D 0553-x,,,,
fol. 278r,GB-D_0554,#0562,8,GB-D 0554-x,277,cc xxxiiii,,
fol. 278v,GB-D_0555,#0563,8,GB-D 0555-x,,,,
fol. 279r,GB-D_0556,#0564,8,GB-D 0556-x,278,cc xxxv,,
fol. 279v,GB-D_0557,#0565,8,GB-D 0557-x,,,,
fol. 280r,GB-D_0558,#0566,8,GB-D 0558-x,279,cc xxxvi,,
fol. 280v,GB-D_0559,#0567,8,GB-D 0559-x,,,,
fol. 281r,GB-D_0560,#0568,8,GB-D 0560-x,280,cc xxxvii,,
fol. 281v,GB-D_0561,#0569,8,GB-D 0561-x,,,,
fol. 282r,GB-D_0562,#0570,8,GB-D 0562-x,281,cc xxxviii,,
fol. 282v,GB-D_0563,#0571,8,GB-D 0563-x,,,,
fol. 283r,GB-D_0564,#0572,8,GB-D 0564-x,282,cc xxxviiii,,
fol. 283v,GB-D_0565,#0573,8,GB-D 0565-x,,,,
fol. 284r,GB-D_0566,#0574,8,GB-D 0566-x,283,cc xl,,
fol. 284v,GB-D_0567,#0575,8,GB-D 0567-x,,,,
fol. 285r,GB-D_0568,#0576,8,GB-D 0568-x,284,cc xli,,
fol. 285v,GB-D_0569,#0577,8,GB-D 0569-x,,,,
fol. 286r,GB-D_0570,#0578,8,GB-D 0570-x,285,cc xlii,,
fol. 286v,GB-D_0571,#0579,8,GB-D 0571-x,,,,
fol. 287r,GB-D_0572,#0580,8,GB-D 0572-x,286,cc xliii,,
fol. 287v,GB-D_0573,#0581,8,GB-D 0573-x,,,,
fol. 288r,GB-D_0574,#0582,8,GB-D 0574-x,287,cc xliiii,,
fol. 288v,GB-D_0575,#0583,8,GB-D 0575-x,,,,
fol. 289r,GB-D_0576,#0584,8,GB-D 0576-x,288,cc xlv,,
fol. 289v,GB-D_0577,#0585,8,GB-D 0577-x,,,,
fol. 290r,GB-D_0578,#0586,8,GB-D 0578-x,289,cc xlvi,,
fol. 290v,GB-D_0579,#0587,8,GB-D 0579-x,,,,
fol. 291r,GB-D_0580,#0588,8,GB-D 0580-x,290,cc xlvii,,
fol. 291v,GB-D_0581,#0589,8,GB-D 0581-x,,,,
fol. 292r,GB-D_0582,#0590,8,GB-D 0582-x,291,ccxlviii,,
fol. 292v,GB-D_0583,#0591,8,GB-D 0583-x,,,,
fol. 293r,GB-D_0584,#0592,8,GB-D 0584-x,292,cc xlviiii,,
fol. 293v,GB-D_0585,#0593,8,GB-D 0585-x,,,,
fol. 294r,GB-D_0586,#0594,8,GB-D 0586-x,293,cc l,,
fol. 294v,GB-D_0587,#0595,8,GB-D 0587-x,,,,
fol. 295r,GB-D_0588,#0596,8,GB-D 0588-x,294,cc li,,
fol. 295v,GB-D_0589,#0597,8,GB-D 0589-x,,,,
fol. 296r,GB-D_0590,#0598,8,GB-D 0590-x,295,cc lii,,
fol. 296v,GB-D_0591,#0599,8,GB-D 0591-x,,,,
fol. 297r,GB-D_0592,#0600,8,GB-D 0592-x,296,cc liii,,
fol. 297v,GB-D_0593,#0601,8,GB-D 0593-x,,,,
fol. 298r,GB-D_0594,#0602,8,GB-D 0594-x,297,cc liiii,,
fol. 298v,GB-D_0595,#0603,8,GB-D 0595-x,,,,
fol. 299r,GB-D_0596,#0604,8,GB-D 0596-x,298,cc lv,,
fol. 299v,GB-D_0597,#0605,8,GB-D 0597-x,,,,
fol. 300r,GB-D_0598,#0606,8,GB-D 0598-x,299,cc lvi,,
fol. 300v,GB-D_0599,#0607,8,GB-D 0599-x,,,,
fol. 301r,GB-D_0600,#0608,8,GB-D 0600-x,300,cc lvii,,
fol. 301v,GB-D_0601,#0609,8,GB-D 0601-x,,,,
fol. 302r,GB-D_0602,#0610,8,GB-D 0602-x,301,cc lviii,,
fol. 302v,GB-D_0603,#0611,8,GB-D 0603-x,,,,
fol. 303r,GB-D_0604,#0612,8,GB-D 0604-x,302,cc lviiii,K,
fol. 303v,GB-D_0605,#0613,8,GB-D 0605-x,,,,
fol. 304r,GB-D_0606,#0614,8,GB-D 0606-x,303,cc lx,,
fol. 304v,GB-D_0607,#0615,8,GB-D 0607-x,,,,
fol. 305r,GB-D_0608,#0616,8,GB-D 0608-x,304,cc lxi,,
fol. 305v,GB-D_0609,#0617,8,GB-D 0609-x,,,,
fol. 306r,GB-D_0610,#0618,8,GB-D 0610-x,305,cc lxii,,
fol. 306v,GB-D_0611,#0619,8,GB-D 0611-x,,,,
fol. 307r,GB-D_0612,#0620,8,GB-D 0612-x,306,cc lxiii,,
fol. 307v,GB-D_0613,#0621,8,GB-D 0613-x,,,,
fol. 308r,GB-D_0614,#0622,8,GB-D 0614-x,307,cc lxiiii,,
fol. 308v,GB-D_0615,#0623,8,GB-D 0615-x,,,,
fol. 309r,GB-D_0616,#0624,8,GB-D 0616-x,308,cc lxv,,
fol. 309v,GB-D_0617,#0625,8,GB-D 0617-x,,,,
fol. 310r,GB-D_0618,#0626,8,GB-D 0618-x,309,cc lxvi,,
fol. 310v,GB-D_0619,#0627,8,GB-D 0619-x,,,,
fol. 311r,GB-D_0620,#0628,8,GB-D 0620-x,310,cc lxxii,,
fol. 311v,GB-D_0621,#0629,8,GB-D 0621-x,,,,
fol. 312r,GB-D_0622,#0630,8,GB-D 0622-x,311,cc lxviii,,
fol. 312v,GB-D_0623,#0631,8,GB-D 0623-x,,,,
fol. 313r,GB-D_0624,#0632,8,GB-D 0624-x,312,cc lxviiii,,
fol. 313v,GB-D_0625,#0633,8,GB-D 0625-x,,,,
fol. 314r,GB-D_0626,#0634,8,GB-D 0626-x,313,cc lxx,,
fol. 314v,GB-D_0627,#0635,8,GB-D 0627-x,,,,
fol. 315r,GB-D_0628,#0636,8,GB-D 0628-x,314,cc lxxi,,
fol. 315v,GB-D_0629,#0637,8,GB-D 0629-x,,,,
fol. 316r,GB-D_0630,#0638,8,GB-D 0630-x,315,cc lxxii,,
fol. 316v,GB-D_0631,#0639,8,GB-D 0631-x,,,,
fol. 317r,GB-D_0632,#0640,8,GB-D 0632-x,316,cc lxxiii,,
fol. 317v,GB-D_0633,#0641,8,GB-D 0633-x,,,,
fol. 318r,GB-D_0634,#0642,8,GB-D 0634-x,317,cc lxxiiii,,
fol. 318v,GB-D_0635,#0643,8,GB-D 0635-x,,,,
fol. 319r,GB-D_0636,#0644,8,GB-D 0636-x,318,cc lxxv,,
fol. 319v,GB-D_0637,#0645,8,GB-D 0637-x,,,,
fol. 320r,GB-D_0638,#0646,8,GB-D 0638-x,319,cc lxxvi,,
fol. 320v,GB-D_0639,#0647,8,GB-D 0639-x,,,,
fol. 321r,GB-D_0640,#0648,8,(leer),320,cclxxvii,,
fol. 321v,GB-D_0641,#0649,8,(leer),,,,
fol. 322r,GB-D_0642,#0650,8,(leer),321,cclxxviii,,
fol. 322v,GB-D_0643,#0651,8,(leer),,,,
fol. 323r,GB-D_0644,#0652,8,(leer),322,cclxxviiii,,
fol. 323v,GB-D_0645,#0653,8,(leer),,,,
fol. 324r,GB-D_0646,#0654,8,(leer),323,cclxxx,,
fol. 324v,GB-D_0647,#0655,8,(leer),,,,
fol. 325r,GB-D_0648,#0656,8,(leer),324,cclxxxi,,
fol. 325v,GB-D_0649,#0657,8,(leer),,,,
fol. 326r,GB-D_0650,#0658,8,(leer),325,cclxxxii,,
fol. 326v,GB-D_0651,#0659,8,(leer),,,,
fol. 327r,GB-D_0652,#0660,8,(leer),326,cclxxxiii,,
fol. 327v,GB-D_0653,#0661,8,(leer),,,,
fol. 328r,GB-D_0654,#0662,8,(leer),327,cclxxxiiii,,
fol. 328v,GB-D_0655,#0663,8,(leer),,,,
fol. 329r,GB-D_0656,#0664,8,(leer),328,cclxxxv,,
fol. 329v,GB-D_0657,#0665,8,(leer),,,,
fol. 330r,GB-D_0658,#0666,8,(leer),329,cclxxxvi,,
fol. 330v,GB-D_0659,#0667,8,(leer),,,,
fol. 331r,GB-D_0660,#0668,8,(leer),330,cclxxxvii,,
fol. 331v,GB-D_0661,#0669,8,(leer),,,,
fol. 332r,GB-D_0662,#0670,8,GB-D 0662-x,331,cc lxxxviii,L,
fol. 332v,GB-D_0663,#0671,8,GB-D 0663-x,,,,
fol. 333r,GB-D_0664,#0672,8,GB-D 0664-x,332,cc lxxxviiii,,
fol. 333v,GB-D_0665,#0673,8,GB-D 0665-x,,,,
fol. 334r,GB-D_0666,#0674,8,GB-D 0666-x,333,cc lxxxx,,
fol. 334v,GB-D_0667,#0675,8,GB-D 0667-x,,,,
fol. 335r,GB-D_0668,#0676,8,GB-D 0668-x,334,cc lxxxxi,,
fol. 335v,GB-D_0669,#0677,8,GB-D 0669-x,,,,
fol. 336r,GB-D_0670,#0678,8,GB-D 0670-x,335,cc lxxxxii,,
fol. 336v,GB-D_0671,#0679,8,GB-D 0671-x,,,,
fol. 337r,GB-D_0672,#0680,8,GB-D 0672-x,336,cc lxxxxiii,,
fol. 337v,GB-D_0673,#0681,8,GB-D 0673-x,,,,
fol. 338r,GB-D_0674,#0682,8,GB-D 0674-x,337,cc lxxxxiiii,,
fol. 338v,GB-D_0675,#0683,8,GB-D 0675-x,,,,
fol. 339r,GB-D_0676,#0684,8,GB-D 0676-x,338,cc lxxxxv,,
fol. 339v,GB-D_0677,#0685,8,GB-D 0677-x,,,,
fol. 340r,GB-D_0678,#0686,8,GB-D 0678-x,339,cc lxxxxvi,,
fol. 340v,GB-D_0679,#0687,8,GB-D 0679-x,,,,
fol. 341r,GB-D_0680,#0688,8,GB-D 0680-x,340,cc lxxxxvii,,
fol. 341v,GB-D_0681,#0689,8,GB-D 0681-x,,,,
fol. 342r,GB-D_0682,#0690,8,GB-D 0682-x,341,cclxxxxviii,,
fol. 342v,GB-D_0683,#0691,8,GB-D 0683-x,,,,
fol. 343r,GB-D_0684,#0692,8,GB-D 0684-x,342,cc lxxxxviiii,,
fol. 343v,GB-D_0685,#0693,8,GB-D 0685-x,,,,
fol. 344r,GB-D_0686,#0694,8,GB-D 0686-x,343,ccc,,
fol. 344v,GB-D_0687,#0695,8,GB-D 0687-x,,,,
fol. 345r,GB-D_0688,#0696,8,GB-D 0688-x,344,ccci,,
fol. 345v,GB-D_0689,#0697,8,GB-D 0689-x,,,,
fol. 346r,GB-D_0690,#0698,8,GB-D 0690-x,345,ccc ii,,
fol. 346v,GB-D_0691,#0699,8,GB-D 0691-x,,,,
fol. 347r,GB-D_0692,#0700,8,GB-D 0692-x,346,ccc iii,,
fol. 347v,GB-D_0693,#0701,8,GB-D 0693-x,,,,
fol. 348r,GB-D_0694,#0702,8,GB-D 0694-x,347,ccc iiii,,
fol. 348v,GB-D_0695,#0703,8,GB-D 0695-x,,,,
fol. 349r,GB-D_0696,#0704,8,GB-D 0696-x,348,ccc v,,
fol. 349v,GB-D_0697,#0705,8,(leer),,,,
fol. 350r,GB-D_0698,#0706,8,(leer),349,cccvi,,
fol. 350v,GB-D_0699,#0707,8,(leer),,,,
fol. 351r,GB-D_0700,#0708,8,(leer),350,cccvii,,
fol. 351v,GB-D_0701,#0709,8,(leer),,,,
fol. 352r,GB-D_0702,#0710,8,(leer),351,cccviii,,
fol. 352v,GB-D_0703,#0711,8,(leer),,,,
fol. 353r,GB-D_0704,#0712,8,GB-D 0704-x,352,ccc viiii,M,
fol. 353v,GB-D_0705,#0713,8,GB-D 0705-x,,,,
fol. 354r,GB-D_0706,#0714,8,GB-D 0706-x,353,cccx,,
fol. 354v,GB-D_0707,#0715,8,GB-D 0707-x,,,,
fol. 355r,GB-D_0708,#0716,8,GB-D 0708-x,354,ccc xi,,
fol. 355v,GB-D_0709,#0717,8,GB-D 0709-x,,,,
fol. 356r,GB-D_0710,#0718,8,GB-D 0710-x,355,ccc xii,,
fol. 356v,GB-D_0711,#0719,8,GB-D 0711-x,,,,
fol. 357r,GB-D_0712,#0720,8,GB-D 0712-x,356,ccc xiii,,
fol. 357v,GB-D_0713,#0721,8,GB-D 0713-x,,,,
fol. 358r,GB-D_0714,#0722,8,GB-D 0714-x,357,ccc xiiii,,
fol. 358v,GB-D_0715,#0723,8,GB-D 0715-x,,,,
fol. 359r,GB-D_0716,#0724,8,GB-D 0716-x,358,cccxv,,
fol. 359v,GB-D_0717,#0725,8,GB-D 0717-x,,,,
fol. 360r,GB-D_0718,#0726,8,GB-D 0718-x,359,ccc xvi,,
fol. 360v,GB-D_0719,#0727,8,GB-D 0719-x,,,,
fol. 361r,GB-D_0720,#0728,8,GB-D 0720-x,360,ccc xvii,,
fol. 361v,GB-D_0721,#0729,8,GB-D 0721-x,,,,
fol. 362r,GB-D_0722,#0730,8,GB-D 0722-x,361,ccc xviii,,
fol. 362v,GB-D_0723,#0731,8,GB-D 0723-x,,,,
fol. 363r,GB-D_0724,#0732,8,GB-D 0724-x,362,ccc xviiii,,
fol. 363v,GB-D_0725,#0733,8,GB-D 0725-x,,,,
fol. 364r,GB-D_0726,#0734,8,GB-D 0726-x,363,ccc xx,,
fol. 364v,GB-D_0727,#0735,8,GB-D 0727-x,,,,
fol. 365r,GB-D_0728,#0736,8,GB-D 0728-x,364,cccxxi,,
fol. 365v,GB-D_0729,#0737,8,GB-D 0729-x,,,,
fol. 366r,GB-D_0730,#0738,8,GB-D 0730-x,365,ccc xxii,,
fol. 366v,GB-D_0731,#0739,8,GB-D 0731-x,,,,
fol. 367r,GB-D_0732,#0740,8,GB-D 0732-x,366,ccc xxiii,,
fol. 367v,GB-D_0733,#0741,8,GB-D 0733-x,,,,
fol. 368r,GB-D_0734,#0742,8,GB-D 0734-x,367,ccc xxiiii,,
fol. 368v,GB-D_0735,#0743,8,GB-D 0735-x,,,,
fol. 369r,GB-D_0736,#0744,8,GB-D 0736-x,368,ccc xxv,,
fol. 369v,GB-D_0737,#0745,8,GB-D 0737-x,,,,
fol. 370r,GB-D_0738,#0746,8,GB-D 0738-x,369,ccc xxvi,,
fol. 370v,GB-D_0739,#0747,8,GB-D 0739-x,,,,
fol. 371r,GB-D_0740,#0748,8,GB-D 0740-x,370,ccc xxvii,,
fol. 371v,GB-D_0741,#0749,8,GB-D 0741-x,,,,
fol. 372r,GB-D_0742,#0750,8,GB-D 0742-x,371,ccc xxviii,,
fol. 372v,GB-D_0743,#0751,8,GB-D 0743-x,,,,
fol. 373r,GB-D_0744,#0752,8,GB-D 0744-x,372,ccc xxviiii,,
fol. 373v,GB-D_0745,#0753,8,GB-D 0745-x,,,,
fol. 374r,GB-D_0746,#0754,8,GB-D 0746-x,373,ccc xxx,,
fol. 374v,GB-D_0747,#0755,8,GB-D 0747-x,,,,
fol. 375r,GB-D_0748,#0756,8,GB-D 0748-x,374,ccc xxxi,,
fol. 375v,GB-D_0749,#0757,8,GB-D 0749-x,,,,
fol. 376r,GB-D_0750,#0758,8,GB-D 0750-x,375,ccc xxxii,,
fol. 376v,GB-D_0751,#0759,8,GB-D 0751-x,,,,
fol. 377r,GB-D_0752,#0760,8,GB-D 0752-x,376,ccc xxxiii,,
fol. 377v,GB-D_0753,#0761,8,GB-D 0753-x,,,,
fol. 378r,GB-D_0754,#0762,8,GB-D 0754-x,377,ccc xxxiiii,,
fol. 378v,GB-D_0755,#0763,8,GB-D 0755-x,,,,
fol. 379r,GB-D_0756,#0764,8,GB-D 0756-x,378,ccc xxxv,,
fol. 379v,GB-D_0757,#0765,8,GB-D 0757-x,,,,
fol. 380r,GB-D_0758,#0766,8,GB-D 0758-x,379,ccc xxxvi,,
fol. 380v,GB-D_0759,#0767,8,GB-D 0759-x,,,,
fol. 381r,GB-D_0760,#0768,8,GB-D 0760-x,380,CCCxxxvii,,
fol. 381v,GB-D_0761,#0769,8,GB-D 0761-x,,,,
fol. 382r,GB-D_0762,#0770,8,GB-D 0762-x,381,CCC xxxviii,,
fol. 382v,GB-D_0763,#0771,8,GB-D 0763-x,,,,
fol. 383r,GB-D_0764,#0772,8,GB-D 0764-x,382,CCC xxxviiii,,
fol. 383v,GB-D_0765,#0773,8,GB-D 0765-x,,,,
fol. 384r,GB-D_0766,#0774,8,GB-D 0766-x,383,CCC xl,,
fol. 384v,GB-D_0767,#0775,8,GB-D 0767-x,,,,
fol. 385r,GB-D_0768,#0776,8,GB-D 0768-x,384,CCC xli,,
fol. 385v,GB-D_0769,#0777,8,GB-D 0769-x,,,,
fol. 386r,GB-D_0770,#0778,8,GB-D 0770-x,385,CCC xlii,,
fol. 386v,GB-D_0771,#0779,8,GB-D 0771-x,,,,
fol. 387r,GB-D_0772,#0780,8,GB-D 0772-x,386,--343--,,
fol. 387v,GB-D_0773,#0781,8,GB-D 0773-x,,,,
fol. 388r,GB-D_0774,#0782,8,GB-D 0774-x,387,--344--,,
fol. 388v,GB-D_0775,#0783,8,GB-D 0775-x,,,,
fol. 389r,GB-D_0776,#0784,8,GB-D 0776-x,388,--345--,,
fol. 389v,GB-D_0777,#0785,8,GB-D 0777-x,,,,
fol. 390r,GB-D_0778,#0786,8,GB-D 0778-x,389,346,,
fol. 390v,GB-D_0779,#0787,8,GB-D 0779-x,,,,
fol. 391r,GB-D_0780,#0788,8,GB-D 0780-x,390,347,,
fol. 391v,GB-D_0781,#0789,8,GB-D 0781-x,,,,
fol. 392r,GB-D_0782,#0790,8,GB-D 0782-x,348,391,,
fol. 392v,GB-D_0783,#0791,8,GB-D 0783-x,,,,
fol. 393r,GB-D_0784,#0792,8,GB-D 0784-x,392,CCCxlviii,,
fol. 393v,GB-D_0785,#0793,8,GB-D 0785-x,,,,
fol. 394r,GB-D_0786,#0794,8,GB-D 0786-x,393,349,,
fol. 394v,GB-D_0787,#0795,8,GB-D 0787-x,,,,
fol. 395r,GB-D_0788,#0796,8,GB-D 0788-x,394,350,,
fol. 395v,GB-D_0789,#0797,8,GB-D 0789-x,,,,
fol. 396r,GB-D_0790,#0798,8,GB-D 0790-x,395,CCClii,,
fol. 396v,GB-D_0791,#0799,8,GB-D 0791-x,,,,
fol. 397r,GB-D_0792,#0800,8,GB-D 0792-x,353,396,,
fol. 397v,GB-D_0793,#0801,8,GB-D 0793-x,,,,
fol. 398r,GB-D_0794,#0802,8,GB-D 0794-x,397,354,,
fol. 398v,GB-D_0795,#0803,8,GB-D 0795-x,,,,
fol. 399r,GB-D_0796,#0804,8,GB-D 0796-x,398,355,,
fol. 399v,GB-D_0797,#0805,8,GB-D 0797-x,,,,
fol. 400r,GB-D_0798,#0806,8,GB-D 0798-x,399,356,,
fol. 400v,GB-D_0799,#0807,8,GB-D 0799-x,,,,
fol. 401r,GB-D_0800,#0808,8,GB-D 0800-x,400,357,,
fol. 401v,GB-D_0801,#0809,8,GB-D 0801-x,,,,
fol. 402r,GB-D_0802,#0810,8,GB-D 0802-x,401,358,,
fol. 402v,GB-D_0803,#0811,8,GB-D 0803-x,,,,
fol. 403r,GB-D_0804,#0812,8,GB-D 0804-x,402,359,,
fol. 403v,GB-D_0805,#0813,8,GB-D 0805-x,,,,
fol. 404r,GB-D_0806,#0814,8,GB-D 0806-x,403,360,,
fol. 404v,GB-D_0807,#0815,8,GB-D 0807-x,,,,
fol. 405r,GB-D_0808,#0816,8,GB-D 0808-x,404,361,,
fol. 405v,GB-D_0809,#0817,8,(leer),,,,
fol. 406r,GB-D_0810,#0818,8,(leer),405,,,
fol. 406v,GB-D_0811,#0819,8,(leer),,,,
fol. 407r,GB-D_0812,#0820,8,GB-D 0812-x,406,ccc xxxvii,N,
fol. 407v,GB-D_0813,#0821,8,GB-D 0813-x,,,,
fol. 408r,GB-D_0814,#0822,8,GB-D 0814-x,407,ccc xxxviii,,
fol. 408v,GB-D_0815,#0823,8,GB-D 0815-x,,,,
fol. 409r,GB-D_0816,#0824,8,GB-D 0816-x,408,ccc xxxviiii,,
fol. 409v,GB-D_0817,#0825,8,GB-D 0817-x,,,,
fol. 410r,GB-D_0818,#0826,8,GB-D 0818-x,409,ccc xl,,
fol. 410v,GB-D_0819,#0827,8,GB-D 0819-x,,,,
fol. 411r,GB-D_0820,#0828,8,GB-D 0820-x,410,ccc xli,,
fol. 411v,GB-D_0821,#0829,8,GB-D 0821-x,,,,
fol. 412r,GB-D_0822,#0830,8,GB-D 0822-x,411,ccc xlii,,
fol. 412v,GB-D_0823,#0831,8,GB-D 0823-x,,,,
fol. 413r,GB-D_0824,#0832,8,GB-D 0824-x,412,ccc xliii,,
fol. 413v,GB-D_0825,#0833,8,GB-D 0825-x,,,,
fol. 414r,GB-D_0826,#0834,8,GB-D 0826-x,413,ccc xliiii,,
fol. 414v,GB-D_0827,#0835,8,GB-D 0827-x,,,,
fol. 415r,GB-D_0828,#0836,8,GB-D 0828-x,414,ccc xlv,,
fol. 415v,GB-D_0829,#0837,8,GB-D 0829-x,,,,
fol. 416r,GB-D_0830,#0838,8,GB-D 0830-x,415,ccc xlvi,,
fol. 416v,GB-D_0831,#0839,8,GB-D 0831-x,,,,
fol. 417r,GB-D_0832,#0840,8,GB-D 0832-x,416,ccc xlvii,,
fol. 417v,GB-D_0833,#0841,8,GB-D 0833-x,,,,
fol. 418r,GB-D_0834,#0842,8,GB-D 0834-x,417,ccc xlviii,,
fol. 418v,GB-D_0835,#0843,8,GB-D 0835-x,,,,
fol. 419r,GB-D_0836,#0844,8,GB-D 0836-x,418,ccc xlviiii,,
fol. 419v,GB-D_0837,#0845,8,GB-D 0837-x,,,,
fol. 420r,GB-D_0838,#0846,8,GB-D 0838-x,419,ccc l,,
fol. 420v,GB-D_0839,#0847,8,GB-D 0839-x,,,,
fol. 421r,GB-D_0840,#0848,8,GB-D 0840-x,420,ccc li,,
fol. 421v,GB-D_0841,#0849,8,GB-D 0841-x,,,,
fol. 422r,GB-D_0842,#0850,8,GB-D 0842-x,421,ccc lii,,
fol. 422v,GB-D_0843,#0851,8,GB-D 0843-x,,,,
fol. 423r,GB-D_0844,#0852,8,(leer),422,cccliii,,
fol. 423v,GB-D_0845,#0853,8,(leer),,,,
fol. 424r,GB-D_0846,#0854,8,(leer),423,cccliiii,,
fol. 424v,GB-D_0847,#0855,8,(leer),,,,
fol. 425r,GB-D_0848,#0856,8,(leer),424,ccclv,,
fol. 425v,GB-D_0849,#0857,8,(leer),,,,
fol. 426r,GB-D_0850,#0858,8,(leer),425,ccclvi,,
fol. 426v,GB-D_0851,#0859,8,(leer),,,,
fol. 427r,GB-D_0852,#0860,8,(leer),426,ccclvii,,
fol. 427v,GB-D_0853,#0861,8,(leer),,,,
fol. 428r,GB-D_0854,#0862,8,(leer),427,ccclviii,,
fol. 428v,GB-D_0855,#0863,8,(leer),,,,
fol. 429r,GB-D_0856,#0864,8,(leer),428,ccclviiii,,
fol. 429v,GB-D_0857,#0865,8,(leer),,,,
fol. 430r,GB-D_0858,#0866,8,(leer),429,ccclx,,
fol. 430v,GB-D_0859,#0867,8,(leer),,,,
fol. 431r,GB-D_0860,#0868,8,(leer),430,ccclxi,,
fol. 431v,GB-D_0861,#0869,8,(leer),,,,
fol. 432r,GB-D_0862,#0870,8,(leer),431,ccclxii,,
fol. 432v,GB-D_0863,#0871,8,(leer),,,,
fol. 433r,GB-D_0864,#0872,8,(leer),432,ccclxiii,,
fol. 433v,GB-D_0865,#0873,8,(leer),,,,
fol. 434r,GB-D_0866,#0874,8,(leer),433,ccclxiiii,,
fol. 434v,GB-D_0867,#0875,8,(leer),,,,
fol. 435r,GB-D_0868,#0876,8,(leer),434,ccclxv,,
fol. 435v,GB-D_0869,#0877,8,(leer),,,,
fol. 436r,GB-D_0870,#0878,8,(leer),435,ccclxvi,,
fol. 436v,GB-D_0871,#0879,8,(leer),,,,
fol. 437r,GB-D_0872,#0880,8,(leer),436,ccclxvii,,
fol. 437v,GB-D_0873,#0881,8,(leer),,,,
fol. 438r,GB-D_0874,#0882,8,(leer),437,ccclxviii,,
fol. 438v,GB-D_0875,#0883,8,(leer),,,,
fol. 439r,GB-D_0876,#0884,8,(leer),438,ccclxviiii,,
fol. 439v,GB-D_0877,#0885,8,(leer),,,,
fol. 440r,GB-D_0878,#0886,8,(leer),439,ccclxx,,
fol. 440v,GB-D_0879,#0887,8,(leer),,,,
fol. 441r,GB-D_0880,#0888,8,(leer),440,ccclxxi,,
fol. 441v,GB-D_0881,#0889,8,(leer),,,,
fol. 442r,GB-D_0882,#0890,8,(leer),441,ccclxxii,,
fol. 442v,GB-D_0883,#0891,8,(leer),,,,
fol. 443r,GB-D_0884,#0892,8,GB-D 0884-x,442,ccc lxxiii,O,
fol. 443v,GB-D_0885,#0893,8,GB-D 0885-x,,,,
fol. 444r,GB-D_0886,#0894,8,GB-D 0886-x,443,ccc lxxiiii,,
fol. 444v,GB-D_0887,#0895,8,GB-D 0887-x,,,,
fol. 445r,GB-D_0888,#0896,8,GB-D 0888-x,444,ccc lxxv,,
fol. 445v,GB-D_0889,#0897,8,GB-D 0889-x,,,,
fol. 446r,GB-D_0890,#0898,8,GB-D 0890-x,445,ccc lxxvi,,
fol. 446v,GB-D_0891,#0899,8,GB-D 0891-x,,,,
fol. 447r,GB-D_0892,#0900,8,GB-D 0892-x,446,ccc lxxvii,,
fol. 447v,GB-D_0893,#0901,8,GB-D 0893-x,,,,
fol. 448r,GB-D_0894,#0902,8,GB-D 0894-x,447,ccc lxxviii,,
fol. 448v,GB-D_0895,#0903,8,GB-D 0895-x,,,,
fol. 449r,GB-D_0896,#0904,8,GB-D 0896-x,448,ccc lxxviiii,,
fol. 449v,GB-D_0897,#0905,8,(leer),,,,
fol. 450r,GB-D_0898,#0906,8,(leer),449,ccclxxxi,,
fol. 450v,GB-D_0899,#0907,8,(leer),,,,
fol. 451r,GB-D_0900,#0908,8,(leer),450,ccclxxxii,,
fol. 451v,GB-D_0901,#0909,8,(leer),,,,
fol. 452r,GB-D_0902,#0910,8,(leer),451,ccclxxxiii,,
fol. 452v,GB-D_0903,#0911,8,(leer),,,,
fol. 453r,GB-D_0904,#0912,8,(leer),452,ccclxxxiiii,,
fol. 453v,GB-D_0905,#0913,8,(leer),,,,
fol. 454r,GB-D_0906,#0914,8,(leer),453,ccclxxxv,,
fol. 454v,GB-D_0907,#0915,8,(leer),,,,
fol. 455r,GB-D_0908,#0916,8,(leer),454,ccclxxxvi,,
fol. 455v,GB-D_0909,#0917,8,(leer),,,,
fol. 456r,GB-D_0910,#0918,8,GB-D 0910-x,455,ccc lxxxvii,P,
fol. 456v,GB-D_0911,#0919,8,GB-D 0911-x,,,,
fol. 457r,GB-D_0912,#0920,8,GB-D 0912-x,456,ccc lxxxviii,,
fol. 457v,GB-D_0913,#0921,8,GB-D 0913-x,,,,
fol. 458r,GB-D_0914,#0922,8,GB-D 0914-x,457,ccc lxxxvi,,
fol. 458v,GB-D_0915,#0923,8,GB-D 0915-x,,,,
fol. 459r,GB-D_0916,#0924,8,GB-D 0916-x,458,ccc lxxxx,,
fol. 459v,GB-D_0917,#0925,8,GB-D 0917-x,,,,
fol. 460r,GB-D_0918,#0926,8,GB-D 0918-x,459,ccc lxxxxi,,
fol. 460v,GB-D_0919,#0927,8,GB-D 0919-x,,,,
fol. 461r,GB-D_0920,#0928,8,GB-D 0920-x,460,ccc lxxxxii,,
fol. 461v,GB-D_0921,#0929,8,GB-D 0921-x,,,,
fol. 462r,GB-D_0922,#0930,8,GB-D 0922-x,461,ccc lxxxxiiii,,
fol. 462v,GB-D_0923,#0931,8,GB-D 0923-x,,,,
fol. 463r,GB-D_0924,#0932,8,GB-D 0924-x,462,ccc lxxxxv,,
fol. 463v,GB-D_0925,#0933,8,GB-D 0925-x,,,,
fol. 464r,GB-D_0926,#0934,8,GB-D 0926-x,463,ccc lxxxxvi,,
fol. 464v,GB-D_0927,#0935,8,GB-D 0927-x,,,,
fol. 465r,GB-D_0928,#0936,8,GB-D 0928-x,464,ccc lxxxxvii,,
fol. 465v,GB-D_0929,#0937,8,GB-D 0929-x,,,,
fol. 466r,GB-D_0930,#0938,8,GB-D 0930-x,465,ccc lxxxxviii,,
fol. 466v,GB-D_0931,#0939,8,GB-D 0931-x,,,,
fol. 467r,GB-D_0932,#0940,8,GB-D 0932-x,460,ccc lxxxxviiii,,
fol. 467v,GB-D_0933,#0941,8,GB-D 0933-x,,,,
fol. 468r,GB-D_0934,#0942,8,GB-D 0934-x,467,cccc,,
fol. 468v,GB-D_0935,#0943,8,GB-D 0935-x,,,,
fol. 469r,GB-D_0936,#0944,8,GB-D 0936-x,468,cccc i,,
fol. 469v,GB-D_0937,#0945,8,GB-D 0937-x,,,,
fol. 470r,GB-D_0938,#0946,8,GB-D 0938-x,469,cccc ii,,
fol. 470v,GB-D_0939,#0947,8,GB-D 0939-x,,,,
fol. 471r,GB-D_0940,#0948,8,GB-D 0940-x,470,cccc iii,,
fol. 471v,GB-D_0941,#0949,8,GB-D 0941-x,,,,
fol. 472r,GB-D_0942,#0950,8,GB-D 0942-x,471,cccc iiii,,
fol. 472v,GB-D_0943,#0951,8,GB-D 0943-x,,,,
fol. 473r,GB-D_0944,#0952,8,GB-D 0944-x,272,cccc v,,
fol. 473v,GB-D_0945,#0953,8,GB-D 0945-x,,,,
fol. 474r,GB-D_0946,#0954,8,GB-D 0946-x,473,cccc vi,,
fol. 474v,GB-D_0947,#0955,8,GB-D 0947-x,,,,
fol. 475r,GB-D_0948,#0956,8,GB-D 0948-x,474,ccccvii,,
fol. 475v,GB-D_0949,#0957,8,GB-D 0949-x,,,,
fol. 476r,GB-D_0950,#0958,8,GB-D 0950-x,475,cccc viii,,
fol. 476v,GB-D_0951,#0959,8,GB-D 0951-x,,,,
fol. 477r,GB-D_0952,#0960,8,GB-D 0952-x,476,cccc viiii,,
fol. 477v,GB-D_0953,#0961,8,GB-D 0953-x,,,,
fol. 478r,GB-D_0954,#0962,8,GB-D 0954-x,477,cccc x,,
fol. 478v,GB-D_0955,#0963,8,GB-D 0955-x,,,,
fol. 479r,GB-D_0956,#0964,8,GB-D 0956-x,478,cccc xi,,
fol. 479v,GB-D_0957,#0965,8,GB-D 0957-x,,,,
fol. 480r,GB-D_0958,#0966,8,GB-D 0958-x,409,cccc xii,,
fol. 480v,GB-D_0959,#0967,8,GB-D 0959-x,,,,
fol. 481r,GB-D_0960,#0968,8,GB-D 0960-x,480,cccc xiii,,
fol. 481v,GB-D_0961,#0969,8,GB-D 0961-x,,,,
fol. 482r,GB-D_0962,#0970,8,GB-D 0962-x,481,cccc xiiii,,
fol. 482v,GB-D_0963,#0971,8,GB-D 0963-x,,,,
fol. 483r,GB-D_0964,#0972,8,GB-D 0964-x,482,cccc xv,,
fol. 483v,GB-D_0965,#0973,8,GB-D 0965-x,,,,
fol. 484r,GB-D_0966,#0974,8,GB-D 0966-x,453,cccc xvi,,
fol. 484v,GB-D_0967,#0975,8,GB-D 0967-x,,,,
fol. 485r,GB-D_0968,#0976,8,GB-D 0968-x,484,cccc xvii,,
fol. 485v,GB-D_0969,#0977,8,(leer),,,,
fol. 486r,GB-D_0970,#0978,8,(leer),485,ccccxviii,,
fol. 486v,GB-D_0971,#0979,8,(leer),,,,
fol. 487r,GB-D_0972,#0980,8,(leer),486,ccccxviiii,,
fol. 487v,GB-D_0973,#0981,8,(leer),,,,
fol. 488r,GB-D_0974,#0982,8,(leer),487,ccccxx,Q,
fol. 488v,GB-D_0975,#0983,8,(leer),,,,
fol. 489r,GB-D_0976,#0984,8,(leer),488,cccxxxi,,
fol. 489v,GB-D_0977,#0985,8,(leer),,,,
fol. 490r,GB-D_0978,#0986,8,GB-D 0978-x,489,cccc xxii,R,
fol. 490v,GB-D_0979,#0987,8,GB-D 0979-x,,,,
fol. 491r,GB-D_0980,#0988,8,GB-D 0980-x,490,cccc xxiii,,
fol. 491v,GB-D_0981,#0989,8,GB-D 0981-x,,,,
fol. 492r,GB-D_0982,#0990,8,GB-D 0982-x,491,cccc xxiiii,,
fol. 492v,GB-D_0983,#0991,8,GB-D 0983-x,,,,
fol. 493r,GB-D_0984,#0992,8,(leer),492,ccccxxv,,
fol. 493v,GB-D_0985,#0993,8,(leer),,,,
fol. 494r,GB-D_0986,#0994,8,(leer),493,ccccxxvi,,
fol. 494v,GB-D_0987,#0995,8,(leer),,,,
fol. 495r,GB-D_0988,#0996,8,(leer),494,ccccxvii,,
fol. 495v,GB-D_0989,#0997,8,(leer),,,,
fol. 496r,GB-D_0990,#0998,8,(leer),495,ccccxxviii,,
fol. 496v,GB-D_0991,#0999,8,(leer),,,,
fol. 497r,GB-D_0992,#1000,8,(leer),496,ccccxxviiii,,
fol. 497v,GB-D_0993,#1001,8,(leer),,,,
fol. 498r,GB-D_0994,#1002,8,(leer),497,ccccxxx,S,
fol. 498v,GB-D_0995,#1003,8,(leer),,,,
fol. 499r,GB-D_0996,#1004,8,(leer),498,ccccxxxi,,
fol. 499v,GB-D_0997,#1005,8,(leer),,,,
fol. 500r,GB-D_0998,#1006,8,(leer),499,ccccxxxii,,
fol. 500v,GB-D_0999,#1007,8,(leer),,,,
fol. 501r,GB-D_1000,#1008,8,(leer),500,ccccxxxiii,,
fol. 501v,GB-D_1001,#1009,8,(leer),,,,
fol. 502r,GB-D_1002,#1010,8,GB-D 1002-x,501,cccc xxxiiii,,
fol. 502v,GB-D_1003,#1011,8,GB-D 1003-x,,,,
fol. 503r,GB-D_1004,#1012,8,GB-D 1004-x,502,cccc xxxv,,
fol. 503v,GB-D_1005,#1013,8,GB-D 1005-x,,,,
fol. 504r,GB-D_1006,#1014,8,GB-D 1006-x,503,cccc xxxvi,,
fol. 504v,GB-D_1007,#1015,8,GB-D 1007-x,,,,
fol. 505r,GB-D_1008,#1016,8,GB-D 1008-x,504,cccc xxxvii,,
fol. 505v,GB-D_1009,#1017,8,GB-D 1009-x,,,,
fol. 506r,GB-D_1010,#1018,8,GB-D 1010-x,505,cccc xxxviii,,
fol. 506v,GB-D_1011,#1019,8,GB-D 1011-x,,,,
fol. 507r,GB-D_1012,#1020,8,GB-D 1012-x,506,cccc xxxviiii,,
fol. 507v,GB-D_1013,#1021,8,GB-D 1013-x,,,,
fol. 508r,GB-D_1014,#1022,8,GB-D 1014-x,507,cccc xl,,
fol. 508v,GB-D_1015,#1023,8,GB-D 1015-x,,,,
fol. 509r,GB-D_1016,#1024,8,GB-D 1016-x,508,cccc xli,,
fol. 509v,GB-D_1017,#1025,8,GB-D 1017-x,,,,
fol. 510r,GB-D_1018,#1026,8,GB-D 1018-x,509,cccc xlii,,
fol. 510v,GB-D_1019,#1027,8,GB-D 1019-x,,,,
fol. 511r,GB-D_1020,#1028,8,GB-D 1020-x,510,cccc xliii,,
fol. 511v,GB-D_1021,#1029,8,GB-D 1021-x,,,,
fol. 512r,GB-D_1022,#1030,8,GB-D 1022-x,511,cccc xliiii,,
fol. 512v,GB-D_1023,#1031,8,GB-D 1023-x,,,,
fol. 513r,GB-D_1024,#1032,8,GB-D 1024-x,512,cccc xlv,,
fol. 513v,GB-D_1025,#1033,8,GB-D 1025-x,,,,
fol. 514r,GB-D_1026,#1034,8,GB-D 1026-x,513,cccc xlvi,,
fol. 514v,GB-D_1027,#1035,8,GB-D 1027-x,,,,
fol. 515r,GB-D_1028,#1036,8,GB-D 1028-x,514,cccc xlvii,,
fol. 515v,GB-D_1029,#1037,8,GB-D 1029-x,,,,
fol. 516r,GB-D_1030,#1038,8,GB-D 1030-x,515,cccc xlviii,,
fol. 516v,GB-D_1031,#1039,8,GB-D 1031-x,,,,
fol. 517r,GB-D_1032,#1040,8,GB-D 1032-x,516,--449--,,
fol. 517v,GB-D_1033,#1041,8,GB-D 1033-x,,,,
fol. 518r,GB-D_1034,#1042,8,GB-D 1034-x,517,--450--,,
fol. 518v,GB-D_1035,#1043,8,GB-D 1035-x,,,,
fol. 519r,GB-D_1036,#1044,8,GB-D 1036-x,518,--451--,,
fol. 519v,GB-D_1037,#1045,8,GB-D 1037-x,,,,
fol. 520r,GB-D_1038,#1046,8,GB-D 1038-x,519,452,,
fol. 520v,GB-D_1039,#1047,8,GB-D 1039-x,,,,
fol. 521r,GB-D_1040,#1048,8,GB-D 1040-x,520,--453--,,
fol. 521v,GB-D_1041,#1049,8,GB-D 1041-x,,,,
fol. 522r,GB-D_1042,#1050,8,GB-D 1042-x,521,--454--,,
fol. 522v,GB-D_1043,#1051,8,GB-D 1043-x,,,,
fol. 523r,GB-D_1044,#1052,8,GB-D 1044-x,522,--455--,,
fol. 523v,GB-D_1045,#1053,8,GB-D 1045-x,,,,
fol. 524r,GB-D_1046,#1054,8,GB-D 1046-x,523,--456--,,
fol. 524v,GB-D_1047,#1055,8,GB-D 1047-x,,,,
fol. 525r,GB-D_1048,#1056,8,GB-D 1048-x,524,--457--,,
fol. 525v,GB-D_1049,#1057,8,GB-D 1049-x,,,,
fol. 526r,GB-D_1050,#1058,8,GB-D 1050-x,525,--458--,,
fol. 526v,GB-D_1051,#1059,8,GB-D 1051-x,,,,
fol. 527r,GB-D_1052,#1060,8,GB-D 1052-x,526,--459--,,
fol. 527v,GB-D_1053,#1061,8,GB-D 1053-x,,,,
fol. 528r,GB-D_1054,#1062,8,GB-D 1054-x,527,--460--,,
fol. 528v,GB-D_1055,#1063,8,GB-D 1055-x,,,,
fol. 529r,GB-D_1056,#1064,8,GB-D 1056-x,528,--464--,,
fol. 529v,GB-D_1057,#1065,8,GB-D 1057-x,,,,
fol. 530r,GB-D_1058,#1066,8,GB-D 1058-x,529,462,,
fol. 530v,GB-D_1059,#1067,8,GB-D 1059-x,,,,
fol. 531r,GB-D_1060,#1068,8,GB-D 1060-x,530,--463--,,
fol. 531v,GB-D_1061,#1069,8,GB-D 1061-x,,,,
fol. 532r,GB-D_1062,#1070,8,GB-D 1062-x,531,--464--,,
fol. 532v,GB-D_1063,#1071,8,GB-D 1063-x,,,,
fol. 533r,GB-D_1064,#1072,8,GB-D 1064-x,532,--465--,,
fol. 533v,GB-D_1065,#1073,8,GB-D 1065-x,,,,
fol. 534r,GB-D_1066,#1074,8,GB-D 1066-x,533,466,,
fol. 534v,GB-D_1067,#1075,8,GB-D 1067-x,,,,
fol. 535r,GB-D_1068,#1076,8,GB-D 1068-x,534,467,,
fol. 535v,GB-D_1069,#1077,8,(leer),,,,
fol. 536r,GB-D_1070,#1078,8,(leer),535,,,
fol. 536v,GB-D_1071,#1079,8,(leer),,,,
fol. 537r,GB-D_1072,#1080,8,(leer),536,,,
fol. 537v,GB-D_1073,#1081,8,(leer),,,,
fol. 538r,GB-D_1074,#1082,8,(leer),537,,,
fol. 538v,GB-D_1075,#1083,8,(leer),,,,
fol. 539r,GB-D_1076,#1084,8,GB-D 1076-x,538,cccc xlviiii,T,
fol. 539v,GB-D_1077,#1085,8,GB-D 1077-x,,,,
fol. 540r,GB-D_1078,#1086,8,GB-D 1078-x,539,cccc l,,
fol. 540v,GB-D_1079,#1087,8,GB-D 1079-x,,,,
fol. 541r,GB-D_1080,#1088,8,GB-D 1080-x,540,cccc li,,
fol. 541v,GB-D_1081,#1089,8,GB-D 1081-x,,,,
fol. 542r,GB-D_1082,#1090,8,GB-D 1082-x,,,,1082/1082: eingefügtes Blatt zwischen 540/541
fol. 542v,GB-D_1083,#1091,8,(leer),,,,
fol. 543r,GB-D_1084,#1092,8,GB-D 1084-x,541,cccc lii,,
fol. 543v,GB-D_1085,#1093,8,GB-D 1085-x,,,,
fol. 544r,GB-D_1086,#1094,8,GB-D 1086-x,542,cccc liii,,
fol. 544v,GB-D_1087,#1095,8,GB-D 1087-x,,,,
fol. 545r,GB-D_1088,#1096,8,GB-D 1088-x,543,cccc liiii,,
fol. 545v,GB-D_1089,#1097,8,GB-D 1089-x,,,,
fol. 546r,GB-D_1090,#1098,8,GB-D 1090-x,544,cccc lv,,
fol. 546v,GB-D_1091,#1099,8,GB-D 1091-x,,,,
fol. 547r,GB-D_1092,#1100,8,GB-D 1092-x,545,cccc lvi,,
fol. 547v,GB-D_1093,#1101,8,GB-D 1093-x,,,,
fol. 548r,GB-D_1094,#1102,8,(leer),546,cccclvii,,
fol. 548v,GB-D_1095,#1103,8,(leer),,,,
fol. 549r,GB-D_1096,#1104,8,(leer),547,cccclviii,,
fol. 549v,GB-D_1097,#1105,8,(leer),,,,
fol. 550r,GB-D_1098,#1106,8,(leer),548,cccclviiii,,
fol. 550v,GB-D_1099,#1107,8,(leer),,,,
fol. 551r,GB-D_1100,#1108,8,(leer),549,cccclx,,
fol. 551v,GB-D_1101,#1109,8,(leer),,,,
fol. 552r,GB-D_1102,#1110,8,GB-D 1102-x,550,cccc lxi,U,
fol. 552v,GB-D_1103,#1111,8,GB-D 1103-x,,,,
fol. 553r,GB-D_1104,#1112,8,GB-D 1104-x,551,cccc lxii,,
fol. 553v,GB-D_1105,#1113,8,GB-D 1105-x,,,,
fol. 554r,GB-D_1106,#1114,8,GB-D 1106-x,552,cccc lxiii,,
fol. 554v,GB-D_1107,#1115,8,GB-D 1107-x,,,,
fol. 555r,GB-D_1108,#1116,8,GB-D 1108-x,553,cccc lxiiii,,
fol. 555v,GB-D_1109,#1117,8,GB-D 1109-x,,,,
fol. 556r,GB-D_1110,#1118,8,GB-D 1110-x,554,cccc lxv,,
fol. 556v,GB-D_1111,#1119,8,GB-D 1111-x,,,,
fol. 557r,GB-D_1112,#1120,8,GB-D 1112-x,555,cccc lxvi,,
fol. 557v,GB-D_1113,#1121,8,GB-D 1113-x,,,,
fol. 558r,GB-D_1114,#1122,8,GB-D 1114-x,556,cccc lxvii,,
fol. 558v,GB-D_1115,#1123,8,GB-D 1115-x,,,,
fol. 559r,GB-D_1116,#1124,8,GB-D 1116-x,557,cccc lxviii,,
fol. 559v,GB-D_1117,#1125,8,GB-D 1117-x,,,,
fol. 560r,GB-D_1118,#1126,8,GB-D 1118-x,558,cccc lxviiii,,
fol. 560v,GB-D_1119,#1127,8,GB-D 1119-x,,,,
fol. 561r,GB-D_1120,#1128,8,GB-D 1120-x,559,cccc lxx,,
fol. 561v,GB-D_1121,#1129,8,GB-D 1121-x,,,,
fol. 562r,GB-D_1122,#1130,8,GB-D 1122-x,560,cccc lxxi,,
fol. 562v,GB-D_1123,#1131,8,GB-D 1123-x,,,,
fol. 563r,GB-D_1124,#1132,8,GB-D 1124-x,561,cccc lxxii,,
fol. 563v,GB-D_1125,#1133,8,GB-D 1125-x,,,,
fol. 564r,GB-D_1126,#1134,8,GB-D 1126-x,562,cccc lxxiii,,
fol. 564v,GB-D_1127,#1135,8,GB-D 1127-x,,,,
fol. 565r,GB-D_1128,#1136,8,GB-D 1128-x,563,cccc lxxiiii,,
fol. 565v,GB-D_1129,#1137,8,GB-D 1129-x,,,,
fol. 566r,GB-D_1130,#1138,8,GB-D 1130-x,564,565 cccc lxxv,,"565 ist falsch, aber nicht durchgestrichen"
fol. 566v,GB-D_1131,#1139,8,GB-D 1131-x,,,,
fol. 567r,GB-D_1132,#1140,8,GB-D 1132-x,565,cccc lxxvi,,
fol. 567v,GB-D_1133,#1141,8,GB-D 1133-x,,,,
fol. 568r,GB-D_1134,#1142,8,GB-D 1134-x,566,ccccc lxxvii,,
fol. 568v,GB-D_1135,#1143,8,GB-D 1135-x,,,,
fol. 569r,GB-D_1136,#1144,8,GB-D 1136-x,567,cccc lxxviii,,
fol. 569v,GB-D_1137,#1145,8,GB-D 1137-x,,,,
fol. 570r,GB-D_1138,#1146,8,GB-D 1138-x,568,cccc lxxviiii,,
fol. 570v,GB-D_1139,#1147,8,GB-D 1139-x,,,,
fol. 571r,GB-D_1140,#1148,8,GB-D 1140-x,569,480,,
fol. 571v,GB-D_1141,#1149,8,GB-D 1141-x,,,,
fol. 572r,GB-D_1142,#1150,8,GB-D 1142-x,570,481,,
fol. 572v,GB-D_1143,#1151,8,GB-D 1143-x,,,,
fol. 573r,GB-D_1144,#1152,8,GB-D 1144-x,571,482,,
fol. 573v,GB-D_1145,#1153,8,GB-D 1145-x,,,,
fol. 574r,GB-D_1146,#1154,8,GB-D 1146-x,572,cccc lxxxiii,,
fol. 574v,GB-D_1147,#1155,8,GB-D 1147-x,,,,
fol. 575r,GB-D_1148,#1156,8,GB-D 1148-x,573,484,,
fol. 575v,GB-D_1149,#1157,8,GB-D 1149-x,,,,
fol. 576r,GB-D_1150,#1158,8,(leer),574,,,
fol. 576v,GB-D_1151,#1159,8,(leer),,,,
fol. 577r,GB-D_1152,#1160,8,(leer),575,,,
fol. 577v,GB-D_1153,#1161,8,(leer),,,,
fol. 578r,GB-D_1154,#1162,8,(leer),576,,,
fol. 578v,GB-D_1155,#1163,8,(leer),,,,
fol. 579r,GB-D_1156,#1164,8,GB-D 1156-x,577,cccc lxxx,W,
fol. 579v,GB-D_1157,#1165,8,GB-D 1157-x,,,,
fol. 580r,GB-D_1158,#1166,8,GB-D 1158-x,548,cccc lxxxi,,
fol. 580v,GB-D_1159,#1167,8,GB-D 1159-x,,,,
fol. 581r,GB-D_1160,#1168,8,GB-D 1160-x,579,cccc lxxxii,,
fol. 581v,GB-D_1161,#1169,8,GB-D 1161-x,,,,
fol. 582r,GB-D_1162,#1170,8,GB-D 1162-x,586,cccc lxxxiii,,
fol. 582v,GB-D_1163,#1171,8,GB-D 1163-x,,,,
fol. 583r,GB-D_1164,#1172,8,GB-D 1164-x,581,cccc lxxxiiii,,
fol. 583v,GB-D_1165,#1173,8,GB-D 1165-x,,,,
fol. 584r,GB-D_1166,#1174,8,GB-D 1166-x,582,cccc lxxxv,,
fol. 584v,GB-D_1167,#1175,8,GB-D 1167-x,,,,
fol. 585r,GB-D_1168,#1176,8,GB-D 1168-x,583,cccc lxxxvi,,
fol. 585v,GB-D_1169,#1177,8,GB-D 1169-x,,,,
fol. 586r,GB-D_1170,#1178,8,GB-D 1170-x,584,cccc lxxxvii,,
fol. 586v,GB-D_1171,#1179,8,GB-D 1171-x,,,,
fol. 587r,GB-D_1172,#1180,8,GB-D 1172-x,585,cccc lxxxviii,,
fol. 587v,GB-D_1173,#1181,8,GB-D 1173-x,,,,
fol. 588r,GB-D_1174,#1182,8,GB-D 1174-x,586,cccc lxxxviiii,,
fol. 588v,GB-D_1175,#1183,8,GB-D 1175-x,,,,
fol. 589r,GB-D_1176,#1184,8,GB-D 1176-x,587,cccc lxxxx,,
fol. 589v,GB-D_1177,#1185,8,GB-D 1177-x,,,,
fol. 590r,GB-D_1178,#1186,8,GB-D 1178-x,588,cccc lxxxxi,,
fol. 590v,GB-D_1179,#1187,8,GB-D 1179-x,,,,
fol. 591r,GB-D_1180,#1188,8,GB-D 1180-x,589,cccc lxxxxii,,
fol. 591v,GB-D_1181,#1189,8,GB-D 1181-x,,,,
fol. 592r,GB-D_1182,#1190,8,GB-D 1182-x,590,cccc lxxxxiii,,
fol. 592v,GB-D_1183,#1191,8,GB-D 1183-x,,,,
fol. 593r,GB-D_1184,#1192,8,GB-D 1184-x,591,cccc lxxxxiiii,,
fol. 593v,GB-D_1185,#1193,8,GB-D 1185-x,,,,
fol. 594r,GB-D_1186,#1194,8,GB-D 1186-x,592,cccc lxxxxv,,
fol. 594v,GB-D_1187,#1195,8,GB-D 1187-x,,,,
fol. 595r,GB-D_1188,#1196,8,GB-D 1188-x,593,496,,
fol. 595v,GB-D_1189,#1197,8,GB-D 1189-x,,,,
fol. 596r,GB-D_1190,#1198,8,GB-D 1190-x,594,497,,
fol. 596v,GB-D_1191,#1199,8,GB-D 1191-x,,,,
fol. 597r,GB-D_1192,#1200,8,GB-D 1192-x,595,498,,
fol. 597v,GB-D_1193,#1201,8,GB-D 1193-x,,,,
fol. 598r,GB-D_1194,#1202,8,GB-D 1194-x,596,499,,
fol. 598v,GB-D_1195,#1203,8,GB-D 1195-x,,,,
fol. 599r,GB-D_1196,#1204,8,GB-D 1196-x,597,--500--,,
fol. 599v,GB-D_1197,#1205,8,GB-D 1197-x,,,,
fol. 600r,GB-D_1198,#1206,8,GB-D 1198-x,598,--501--,,
fol. 600v,GB-D_1199,#1207,8,GB-D 1199-x,,,,
fol. 601r,GB-D_1200,#1208,8,GB-D 1200-x,599,--502--,,
fol. 601v,GB-D_1201,#1209,8,GB-D 1201-x,,,,
fol. 602r,GB-D_1202,#1211,9,GB-D 1202-x,600,--503--,,1210/1211 waren bei den Scans vertauscht
fol. 602v,GB-D_1203,#1210,7,GB-D 1203-x,,,,
fol. 603r,GB-D_1204,#1212,8,(leer),,,,
fol. 603v,GB-D_1205,#1213,8,(leer),,,,
Rückdecken außen,GB-D_1206,#1214,8,,,,,Scan fehlt