moderne Zählung,Scan-Dateiname,originaler Scan-Dateiname,Eintrag,originale Zählung 1,originale Zählung 2,Kommentar
Vorderdeckel außen,,WStLA_Grundbuch_Stadt_Wien_B1_6a_001,,,,
Vorderdeckel innen,,WStLA_Grundbuch_Stadt_Wien_B1_6a_002,,,,
fol. 1r,,WStLA_Grundbuch_Stadt_Wien_B1_6a_003,(Titelseite),,,
fol. 1v,,WStLA_Grundbuch_Stadt_Wien_B1_6a_004,(leer),,,
fol. 2r,,WStLA_Grundbuch_Stadt_Wien_B1_6a_005,KB-E 005-x,1,,
fol. 2v,,WStLA_Grundbuch_Stadt_Wien_B1_6a_006,KB-E 006-x,1,ii,
fol. 3r,,WStLA_Grundbuch_Stadt_Wien_B1_6a_007,KB-E 007-x,2,,
fol. 3v,,WStLA_Grundbuch_Stadt_Wien_B1_6a_008,KB-E 008-x,2,iii,
fol. 4r,,WStLA_Grundbuch_Stadt_Wien_B1_6a_009,KB-E 009-x,3,,
fol. 4v,,WStLA_Grundbuch_Stadt_Wien_B1_6a_010,KB-E 010-x,,iiii,
fol. 5r,,WStLA_Grundbuch_Stadt_Wien_B1_6a_011,KB-E 011-x,4,,
fol. 5v,,WStLA_Grundbuch_Stadt_Wien_B1_6a_012,KB-E 012-x,4,v,
fol. 6r,,WStLA_Grundbuch_Stadt_Wien_B1_6a_013,KB-E 013-x,5,,
fol. 6v,,WStLA_Grundbuch_Stadt_Wien_B1_6a_014,KB-E 014-x,5,vi,
fol. 7r,,WStLA_Grundbuch_Stadt_Wien_B1_6a_015,KB-E 015-x,6,,
fol. 7v,,WStLA_Grundbuch_Stadt_Wien_B1_6a_016,KB-E 016-x,6,vii,
fol. 8r,,WStLA_Grundbuch_Stadt_Wien_B1_6a_017,KB-E 017-x,7,,
fol. 8v,,WStLA_Grundbuch_Stadt_Wien_B1_6a_018,KB-E 018-x,7,viii,
fol. 9r,,WStLA_Grundbuch_Stadt_Wien_B1_6a_019,KB-E 019-x,8,,
fol. 9v,,WStLA_Grundbuch_Stadt_Wien_B1_6a_020,KB-E 020-x,8,viiii,
fol. 10r,,WStLA_Grundbuch_Stadt_Wien_B1_6a_021,KB-E 021-x,9,,
fol. 10v,,WStLA_Grundbuch_Stadt_Wien_B1_6a_022,KB-E 022-x,9,x,
fol. 11r,,WStLA_Grundbuch_Stadt_Wien_B1_6a_023,KB-E 023-x,10,,
fol. 11v,,WStLA_Grundbuch_Stadt_Wien_B1_6a_024,KB-E 024-x,10,xi,
fol. 12r,,WStLA_Grundbuch_Stadt_Wien_B1_6a_025,KB-E 025-x,11,,
fol. 12v,,WStLA_Grundbuch_Stadt_Wien_B1_6a_026,KB-E 026-x,11,vii,
fol. 13r,,WStLA_Grundbuch_Stadt_Wien_B1_6a_027,KB-E 027-x,12,,
fol. 13v,,WStLA_Grundbuch_Stadt_Wien_B1_6a_028,KB-E 028-x,12,xiii,
fol. 14r,,WStLA_Grundbuch_Stadt_Wien_B1_6a_029,KB-E 029-x,13,,
fol. 14v,,WStLA_Grundbuch_Stadt_Wien_B1_6a_030,KB-E 030-x,13,viiii,
fol. 15r,,WStLA_Grundbuch_Stadt_Wien_B1_6a_031,KB-E 031-x,14,,
fol. 15v,,WStLA_Grundbuch_Stadt_Wien_B1_6a_032,KB-E 032-x,14,xv,
fol. 16r,,WStLA_Grundbuch_Stadt_Wien_B1_6a_033,KB-E 033-x,15,,
fol. 16v,,WStLA_Grundbuch_Stadt_Wien_B1_6a_034,KB-E 034-x,15,xvi,
fol. 17r,,WStLA_Grundbuch_Stadt_Wien_B1_6a_035,KB-E 035-x,16,,
fol. 17v,,WStLA_Grundbuch_Stadt_Wien_B1_6a_036,(leer),16,xvii,
fol. 18r,,WStLA_Grundbuch_Stadt_Wien_B1_6a_037,KB-E 037-x,17,,
fol. 18v,,WStLA_Grundbuch_Stadt_Wien_B1_6a_038,KB-E 038-x,17,xviii,
fol. 19r,,WStLA_Grundbuch_Stadt_Wien_B1_6a_039,KB-E 039-x,18,,
fol. 19v,,WStLA_Grundbuch_Stadt_Wien_B1_6a_040,KB-E 040-x,18,xviiii,
fol. 20r,,WStLA_Grundbuch_Stadt_Wien_B1_6a_041,KB-E 041-x,19,,
fol. 20v,,WStLA_Grundbuch_Stadt_Wien_B1_6a_042,KB-E 042-x,19,xx,
fol. 21r,,WStLA_Grundbuch_Stadt_Wien_B1_6a_043,KB-E 043-x,20,,
fol. 21v,,WStLA_Grundbuch_Stadt_Wien_B1_6a_044,KB-E 044-x,20,xxi,
fol. 22r,,WStLA_Grundbuch_Stadt_Wien_B1_6a_045,KB-E 045-x,21,,
fol. 22v,,WStLA_Grundbuch_Stadt_Wien_B1_6a_046,KB-E 046-x,21,xxii,
fol. 23r,,WStLA_Grundbuch_Stadt_Wien_B1_6a_047,KB-E 047-x,22,,
fol. 23v,,WStLA_Grundbuch_Stadt_Wien_B1_6a_048,KB-E 048-x,22,xxiii,
fol. 24r,,WStLA_Grundbuch_Stadt_Wien_B1_6a_049,KB-E 049-x,23,,
fol. 24v,,WStLA_Grundbuch_Stadt_Wien_B1_6a_050,KB-E 050-x,23,xxiiii,
fol. 25r,,WStLA_Grundbuch_Stadt_Wien_B1_6a_051,(leer),24,,
fol. 25v,,WStLA_Grundbuch_Stadt_Wien_B1_6a_052,(leer),24,xxv,
fol. 26r,,WStLA_Grundbuch_Stadt_Wien_B1_6a_053,(leer),25,,
fol. 26v,,WStLA_Grundbuch_Stadt_Wien_B1_6a_054,(leer),25,xxvi,
fol. 27r,,WStLA_Grundbuch_Stadt_Wien_B1_6a_055,(leer),26,,
fol. 27v,,WStLA_Grundbuch_Stadt_Wien_B1_6a_056,(leer),26,xxvii,
fol. 28r,,WStLA_Grundbuch_Stadt_Wien_B1_6a_057,KB-E 057-x,27,,
fol. 28v,,WStLA_Grundbuch_Stadt_Wien_B1_6a_058,KB-E 058-x,27,xxviii,
fol. 29r,,WStLA_Grundbuch_Stadt_Wien_B1_6a_059,KB-E 059-x,28,,
fol. 29v,,WStLA_Grundbuch_Stadt_Wien_B1_6a_060,KB-E 060-x,28,xxviiii,
fol. 30r,,WStLA_Grundbuch_Stadt_Wien_B1_6a_061,KB-E 061-x,29,,
fol. 30v,,WStLA_Grundbuch_Stadt_Wien_B1_6a_062,KB-E 062-x,29,xxx,
fol. 31r,,WStLA_Grundbuch_Stadt_Wien_B1_6a_063,KB-E 063-x,30,,
fol. 31v,,WStLA_Grundbuch_Stadt_Wien_B1_6a_064,KB-E 064-x,30,xxxi,
fol. 32r,,WStLA_Grundbuch_Stadt_Wien_B1_6a_065,KB-E 065-x,31,,
fol. 32v,,WStLA_Grundbuch_Stadt_Wien_B1_6a_066,(leer),31,xxxii,
fol. 33r,,WStLA_Grundbuch_Stadt_Wien_B1_6a_067,KB-E 067-x,32,,
fol. 33v,,WStLA_Grundbuch_Stadt_Wien_B1_6a_068,KB-E 068-x,32,xxxiii,
fol. 34r,,WStLA_Grundbuch_Stadt_Wien_B1_6a_069,KB-E 069-x,33,,
fol. 34v,,WStLA_Grundbuch_Stadt_Wien_B1_6a_070,KB-E 070-x,33,xxxiiii,
fol. 35r,,WStLA_Grundbuch_Stadt_Wien_B1_6a_071,KB-E 071-x,34,,
fol. 35v,,WStLA_Grundbuch_Stadt_Wien_B1_6a_072,KB-E 072-x,34,xxxv,
fol. 36r,,WStLA_Grundbuch_Stadt_Wien_B1_6a_073,KB-E 073-x,35,,
fol. 36v,,WStLA_Grundbuch_Stadt_Wien_B1_6a_074,KB-E 074-x,35,xxxvi,
fol. 37r,,WStLA_Grundbuch_Stadt_Wien_B1_6a_075,KB-E 075-x,36,,
fol. 37v,,WStLA_Grundbuch_Stadt_Wien_B1_6a_076,KB-E 076-x,36,xxxvii,
fol. 38r,,WStLA_Grundbuch_Stadt_Wien_B1_6a_077,KB-E 077-x,37,,
fol. 38v,,WStLA_Grundbuch_Stadt_Wien_B1_6a_078,KB-E 078-x,37,xxxviii,
fol. 39r,,WStLA_Grundbuch_Stadt_Wien_B1_6a_079,KB-E 079-x,38,,
fol. 39v,,WStLA_Grundbuch_Stadt_Wien_B1_6a_080,KB-E 080-x,38,xxxviiii,
fol. 40r,,WStLA_Grundbuch_Stadt_Wien_B1_6a_081,KB-E 081-x,39,,
fol. 40v,,WStLA_Grundbuch_Stadt_Wien_B1_6a_082,(leer),39,xl,
fol. 41r,,WStLA_Grundbuch_Stadt_Wien_B1_6a_083,KB-E 083-x,40,,
fol. 41v,,WStLA_Grundbuch_Stadt_Wien_B1_6a_084,KB-E 084-x,40,xli,
fol. 42r,,WStLA_Grundbuch_Stadt_Wien_B1_6a_085,KB-E 085-x,41,,
fol. 42v,,WStLA_Grundbuch_Stadt_Wien_B1_6a_086,KB-E 086-x,41,xlii,
fol. 43r,,WStLA_Grundbuch_Stadt_Wien_B1_6a_087,KB-E 087-x,42,,
fol. 43v,,WStLA_Grundbuch_Stadt_Wien_B1_6a_088,KB-E 088-x,42,xliii,
fol. 44r,,WStLA_Grundbuch_Stadt_Wien_B1_6a_089,KB-E 089-x,43,,
fol. 44v,,WStLA_Grundbuch_Stadt_Wien_B1_6a_090,KB-E 090-x,43,xliiii,
fol. 45r,,WStLA_Grundbuch_Stadt_Wien_B1_6a_091,KB-E 091-x,44,,
fol. 45v,,WStLA_Grundbuch_Stadt_Wien_B1_6a_092,KB-E 092-x,44,xlv,
fol. 46r,,WStLA_Grundbuch_Stadt_Wien_B1_6a_093,KB-E 093-x,45,,
fol. 46v,,WStLA_Grundbuch_Stadt_Wien_B1_6a_094,KB-E 094-x,45,xlvi,
fol. 47r,,WStLA_Grundbuch_Stadt_Wien_B1_6a_095,KB-E 095-x,46,,
fol. 47v,,WStLA_Grundbuch_Stadt_Wien_B1_6a_096,KB-E 096-x,46,xlvii,
fol. 48r,,WStLA_Grundbuch_Stadt_Wien_B1_6a_097,KB-E 097-x,47,,
fol. 48v,,WStLA_Grundbuch_Stadt_Wien_B1_6a_098,KB-E 098-x,47,xlviii,
fol. 49r,,WStLA_Grundbuch_Stadt_Wien_B1_6a_099,(leer),48,,
fol. 49v,,WStLA_Grundbuch_Stadt_Wien_B1_6a_100,(leer),48,xlviiii,
fol. 50r,,WStLA_Grundbuch_Stadt_Wien_B1_6a_101,(leer),49,,
fol. 50v,,WStLA_Grundbuch_Stadt_Wien_B1_6a_102,(leer),49,l,
fol. 51r,,WStLA_Grundbuch_Stadt_Wien_B1_6a_103,(leer),50,,
fol. 51v,,WStLA_Grundbuch_Stadt_Wien_B1_6a_104,(leer),50,li,
fol. 52r,,WStLA_Grundbuch_Stadt_Wien_B1_6a_105,(leer),51,,
fol. 52v,,WStLA_Grundbuch_Stadt_Wien_B1_6a_106,(leer),51,lii,
fol. 53r,,WStLA_Grundbuch_Stadt_Wien_B1_6a_107,KB-E 107-x,52,,
fol. 53v,,WStLA_Grundbuch_Stadt_Wien_B1_6a_108,KB-E 108-x,52,liii,
fol. 54r,,WStLA_Grundbuch_Stadt_Wien_B1_6a_109,KB-E 109-x,53,,
fol. 54v,,WStLA_Grundbuch_Stadt_Wien_B1_6a_110,KB-E 110-x,53,liiii,
fol. 55r,,WStLA_Grundbuch_Stadt_Wien_B1_6a_111,KB-E 111-x,54,,
fol. 55v,,WStLA_Grundbuch_Stadt_Wien_B1_6a_112,KB-E 112-x,54,lv,
fol. 56r,,WStLA_Grundbuch_Stadt_Wien_B1_6a_113,KB-E 113-x,55,,
fol. 56v,,WStLA_Grundbuch_Stadt_Wien_B1_6a_114,KB-E 114-x,55,lvi,
fol. 57r,,WStLA_Grundbuch_Stadt_Wien_B1_6a_115,KB-E 115-x,56,,
fol. 57v,,WStLA_Grundbuch_Stadt_Wien_B1_6a_116,KB-E 116-x,56,lvii,
fol. 58r,,WStLA_Grundbuch_Stadt_Wien_B1_6a_117,KB-E 117-x,57,,
fol. 58v,,WStLA_Grundbuch_Stadt_Wien_B1_6a_118,KB-E 118-x,57,lviii,
fol. 59r,,WStLA_Grundbuch_Stadt_Wien_B1_6a_119,KB-E 119-x,58,,
fol. 59v,,WStLA_Grundbuch_Stadt_Wien_B1_6a_120,KB-E 120-x,58,lviiii,
fol. 60r,,WStLA_Grundbuch_Stadt_Wien_B1_6a_121,(leer),59,,
fol. 60v,,WStLA_Grundbuch_Stadt_Wien_B1_6a_122,(leer),59,lx,
fol. 61r,,WStLA_Grundbuch_Stadt_Wien_B1_6a_123,KB-E 123-x,60,,
fol. 61v,,WStLA_Grundbuch_Stadt_Wien_B1_6a_124,KB-E 124-x,60,lxi,
fol. 62r,,WStLA_Grundbuch_Stadt_Wien_B1_6a_125,KB-E 125-x,61,,
fol. 62v,,WStLA_Grundbuch_Stadt_Wien_B1_6a_126,KB-E 126-x,61,,
fol. 63r,,WStLA_Grundbuch_Stadt_Wien_B1_6a_127,KB-E 127-x,62,,
fol. 63v,,WStLA_Grundbuch_Stadt_Wien_B1_6a_128,KB-E 128-x,62,lxiii,
fol. 64r,,WStLA_Grundbuch_Stadt_Wien_B1_6a_129,KB-E 129-x,63,,
fol. 64v,,WStLA_Grundbuch_Stadt_Wien_B1_6a_130,KB-E 130-x,63,lxiiii,
fol. 65r,,WStLA_Grundbuch_Stadt_Wien_B1_6a_131,KB-E 131-x,64,,
fol. 65v,,WStLA_Grundbuch_Stadt_Wien_B1_6a_132,KB-E 132-x,64,lxv,
fol. 66r,,WStLA_Grundbuch_Stadt_Wien_B1_6a_133,KB-E 133-x,65,,
fol. 66v,,WStLA_Grundbuch_Stadt_Wien_B1_6a_134,KB-E 134-x,65,lxvi,
fol. 67r,,WStLA_Grundbuch_Stadt_Wien_B1_6a_135,KB-E 135-x,66,,
fol. 67v,,WStLA_Grundbuch_Stadt_Wien_B1_6a_136,KB-E 136-x,66,lxvii,
fol. 68r,,WStLA_Grundbuch_Stadt_Wien_B1_6a_137,KB-E 137-x,67,,
fol. 68v,,WStLA_Grundbuch_Stadt_Wien_B1_6a_138,KB-E 138-x,67,lxviii,
fol. 69r,,WStLA_Grundbuch_Stadt_Wien_B1_6a_139,KB-E 139-x,68,,
fol. 69v,,WStLA_Grundbuch_Stadt_Wien_B1_6a_140,KB-E 140-x,68,lxviiii,
fol. 70r,,WStLA_Grundbuch_Stadt_Wien_B1_6a_141,KB-E 141-x,,,
fol. 70v,,WStLA_Grundbuch_Stadt_Wien_B1_6a_142,KB-E 142-x,69,lxx,
fol. 71r,,WStLA_Grundbuch_Stadt_Wien_B1_6a_143,KB-E 143-x,70,,
fol. 71v,,WStLA_Grundbuch_Stadt_Wien_B1_6a_144,KB-E 144-x,70,lxxi,
fol. 72r,,WStLA_Grundbuch_Stadt_Wien_B1_6a_145,KB-E 145-x,71,,
fol. 72v,,WStLA_Grundbuch_Stadt_Wien_B1_6a_146,(leer),71,lxxii,
fol. 73r,,WStLA_Grundbuch_Stadt_Wien_B1_6a_147,(leer),72,,
fol. 73v,,WStLA_Grundbuch_Stadt_Wien_B1_6a_148,(leer),72,lxiii,
fol. 74r,,WStLA_Grundbuch_Stadt_Wien_B1_6a_149,(leer),73,,
fol. 74v,,WStLA_Grundbuch_Stadt_Wien_B1_6a_150,(leer),73,lxxiiii,
fol. 75r,,WStLA_Grundbuch_Stadt_Wien_B1_6a_151,(leer),74,,
fol. 75v,,WStLA_Grundbuch_Stadt_Wien_B1_6a_152,(leer),74,lxxv,
fol. 76r,,WStLA_Grundbuch_Stadt_Wien_B1_6a_153,(leer),75,,
fol. 76v,,WStLA_Grundbuch_Stadt_Wien_B1_6a_154,(leer),75,lxxvi,
fol. 77r,,WStLA_Grundbuch_Stadt_Wien_B1_6a_155,KB-E 155-x,76,,
fol. 77v,,WStLA_Grundbuch_Stadt_Wien_B1_6a_156,KB-E 156-x,76,lxxvii,
fol. 78r,,WStLA_Grundbuch_Stadt_Wien_B1_6a_157,KB-E 157-x,77,,
fol. 78v,,WStLA_Grundbuch_Stadt_Wien_B1_6a_158,KB-E 158-x,77,lxxviii,
fol. 79r,,WStLA_Grundbuch_Stadt_Wien_B1_6a_159,KB-E 159-x,78,,
fol. 79v,,WStLA_Grundbuch_Stadt_Wien_B1_6a_160,KB-E 160-x,78,lxxviiii,
fol. 80r,,WStLA_Grundbuch_Stadt_Wien_B1_6a_161,KB-E 161-x,79,,
fol. 80v,,WStLA_Grundbuch_Stadt_Wien_B1_6a_162,KB-E 162-x,79,lxxx,
fol. 81r,,WStLA_Grundbuch_Stadt_Wien_B1_6a_163,KB-E 163-x,80,,
fol. 81v,,WStLA_Grundbuch_Stadt_Wien_B1_6a_164,KB-E 164-x,80,lxxxi,
fol. 82r,,WStLA_Grundbuch_Stadt_Wien_B1_6a_165,(leer),81,,
fol. 82v,,WStLA_Grundbuch_Stadt_Wien_B1_6a_166,(leer),81,lxxxii,
fol. 83r,,WStLA_Grundbuch_Stadt_Wien_B1_6a_167,(leer),82,,
fol. 83v,,WStLA_Grundbuch_Stadt_Wien_B1_6a_168,(leer),82,lxxxiii,
fol. 84r,,WStLA_Grundbuch_Stadt_Wien_B1_6a_169,(leer),83,,
fol. 84v,,WStLA_Grundbuch_Stadt_Wien_B1_6a_170,(leer),83,lxxxiiii,
fol. 85r,,WStLA_Grundbuch_Stadt_Wien_B1_6a_171,KB-E 171-x,84,,
fol. 85v,,WStLA_Grundbuch_Stadt_Wien_B1_6a_172,KB-E 172-x,84,lxxxv,
fol. 86r,,WStLA_Grundbuch_Stadt_Wien_B1_6a_173,KB-E 173-x,85,,
fol. 86v,,WStLA_Grundbuch_Stadt_Wien_B1_6a_174,KB-E 174-x,85,lxxxvi,
fol. 87r,,WStLA_Grundbuch_Stadt_Wien_B1_6a_175,KB-E 175-x,86,,
fol. 87v,,WStLA_Grundbuch_Stadt_Wien_B1_6a_176,(leer),86,lxxxvii,
fol. 88r,,WStLA_Grundbuch_Stadt_Wien_B1_6a_177,(leer),87,,
fol. 88v,,WStLA_Grundbuch_Stadt_Wien_B1_6a_178,(leer),87,lxxxviii,
fol. 89r,,WStLA_Grundbuch_Stadt_Wien_B1_6a_179,(leer),88,,
fol. 89v,,WStLA_Grundbuch_Stadt_Wien_B1_6a_180,(leer),88,lxxxviiii,
fol. 90r,,WStLA_Grundbuch_Stadt_Wien_B1_6a_181,(leer),89,,
fol. 90v,,WStLA_Grundbuch_Stadt_Wien_B1_6a_182,(leer),89,lxxxx,
fol. 91r,,WStLA_Grundbuch_Stadt_Wien_B1_6a_183,KB-E 183-x,90,,
fol. 91v,,WStLA_Grundbuch_Stadt_Wien_B1_6a_184,KB-E 184-x,,lxxxxi,
fol. 92r,,WStLA_Grundbuch_Stadt_Wien_B1_6a_185,KB-E 185-x,91,,
fol. 92v,,WStLA_Grundbuch_Stadt_Wien_B1_6a_186,KB-E 186-x,91,lxxxxii,
fol. 93r,,WStLA_Grundbuch_Stadt_Wien_B1_6a_187,KB-E 187-x,92,,
fol. 93v,,WStLA_Grundbuch_Stadt_Wien_B1_6a_188,KB-E 188-x,92,lxxxxiii,
fol. 94r,,WStLA_Grundbuch_Stadt_Wien_B1_6a_189,KB-E 189-x,93,,
fol. 94v,,WStLA_Grundbuch_Stadt_Wien_B1_6a_190,KB-E 190-x,93,lxxxxiiii,
fol. 95r,,WStLA_Grundbuch_Stadt_Wien_B1_6a_191,KB-E 191-x,94,,
fol. 95v,,WStLA_Grundbuch_Stadt_Wien_B1_6a_192,KB-E 192-x,94,lxxxxv,
fol. 96r,,WStLA_Grundbuch_Stadt_Wien_B1_6a_193,KB-E 193-x,95,,
fol. 96v,,WStLA_Grundbuch_Stadt_Wien_B1_6a_194,KB-E 194-x,95,lxxxxvi,
fol. 97r,,WStLA_Grundbuch_Stadt_Wien_B1_6a_195,KB-E 195-x,96,,
fol. 97v,,WStLA_Grundbuch_Stadt_Wien_B1_6a_196,KB-E 196-x,96,lxxxxvii,
fol. 98r,,WStLA_Grundbuch_Stadt_Wien_B1_6a_197,KB-E 197-x,97,,
fol. 98v,,WStLA_Grundbuch_Stadt_Wien_B1_6a_198,KB-E 198-x,97,lxxxxviii,
fol. 99r,,WStLA_Grundbuch_Stadt_Wien_B1_6a_199,KB-E 199-x,98,,
fol. 99v,,WStLA_Grundbuch_Stadt_Wien_B1_6a_200,KB-E 200-x,98,lxxxxviiii,
fol. 100r,,WStLA_Grundbuch_Stadt_Wien_B1_6a_201,KB-E 201-x,99,,
fol. 100v,,WStLA_Grundbuch_Stadt_Wien_B1_6a_202,KB-E 202-x,99,C,
fol. 101r,,WStLA_Grundbuch_Stadt_Wien_B1_6a_203,KB-E 203-x,100,Ci,
fol. 101v,,WStLA_Grundbuch_Stadt_Wien_B1_6a_204,KB-E 204-x,100,,
fol. 102r,,WStLA_Grundbuch_Stadt_Wien_B1_6a_205,KB-E 205-x,101,Cii,
fol. 102v,,WStLA_Grundbuch_Stadt_Wien_B1_6a_206,KB-E 206-x,101,,
fol. 103r,,WStLA_Grundbuch_Stadt_Wien_B1_6a_207,KB-E 207-x,102,Ciii,
fol. 103v,,WStLA_Grundbuch_Stadt_Wien_B1_6a_208,KB-E 208-x,102,,
fol. 104r,,WStLA_Grundbuch_Stadt_Wien_B1_6a_209,KB-E 209-x,103,Ciiii,
fol. 104v,,WStLA_Grundbuch_Stadt_Wien_B1_6a_210,KB-E 210-x,103,,
fol. 105r,,WStLA_Grundbuch_Stadt_Wien_B1_6a_211,KB-E 211-x,104,Cv,
fol. 105v,,WStLA_Grundbuch_Stadt_Wien_B1_6a_212,KB-E 212-x,104,,
fol. 106r,,WStLA_Grundbuch_Stadt_Wien_B1_6a_213,KB-E 213-x,105,Cvi,
fol. 106v,,WStLA_Grundbuch_Stadt_Wien_B1_6a_214,KB-E 214-x,105,,
fol. 107r,,WStLA_Grundbuch_Stadt_Wien_B1_6a_215,KB-E 215-x,106,Cvii,
fol. 107v,,WStLA_Grundbuch_Stadt_Wien_B1_6a_216,KB-E 216-x,106,,
fol. 108r,,WStLA_Grundbuch_Stadt_Wien_B1_6a_217,KB-E 217-x,107,Cviii,
fol. 108v,,WStLA_Grundbuch_Stadt_Wien_B1_6a_218,KB-E 218-x,107,,
fol. 109r,,WStLA_Grundbuch_Stadt_Wien_B1_6a_219,KB-E 219-x,108,Cviiii,
fol. 109v,,WStLA_Grundbuch_Stadt_Wien_B1_6a_220,KB-E 220-x,108,,
fol. 110r,,WStLA_Grundbuch_Stadt_Wien_B1_6a_221,KB-E 221-x,109,Cx,
fol. 110v,,WStLA_Grundbuch_Stadt_Wien_B1_6a_222,KB-E 222-x,109,,
fol. 111r,,WStLA_Grundbuch_Stadt_Wien_B1_6a_223,KB-E 223-x,110,Cxi,
fol. 111v,,WStLA_Grundbuch_Stadt_Wien_B1_6a_224,KB-E 224-x,110,,
fol. 112r,,WStLA_Grundbuch_Stadt_Wien_B1_6a_225,KB-E 225-x,111,Cxii,
fol. 112v,,WStLA_Grundbuch_Stadt_Wien_B1_6a_226,KB-E 226-x,111,,
fol. 113r,,WStLA_Grundbuch_Stadt_Wien_B1_6a_227,KB-E 227-x,112,Cxiii,
fol. 113v,,WStLA_Grundbuch_Stadt_Wien_B1_6a_228,KB-E 228-x,112,,
fol. 114r,,WStLA_Grundbuch_Stadt_Wien_B1_6a_229,KB-E 229-x,113,Cxiiii,
fol. 114v,,WStLA_Grundbuch_Stadt_Wien_B1_6a_230,KB-E 230-x,113,,
fol. 115r,,WStLA_Grundbuch_Stadt_Wien_B1_6a_231,KB-E 231-x,114,Cxv,
fol. 115v,,WStLA_Grundbuch_Stadt_Wien_B1_6a_232,KB-E 232-x,114,,
fol. 116r,,WStLA_Grundbuch_Stadt_Wien_B1_6a_233,KB-E 233-x,115,Cxvi,
fol. 116v,,WStLA_Grundbuch_Stadt_Wien_B1_6a_234,KB-E 234-x,115,,
fol. 117r,,WStLA_Grundbuch_Stadt_Wien_B1_6a_235,KB-E 235-x,116,Cxvii,
fol. 117v,,WStLA_Grundbuch_Stadt_Wien_B1_6a_236,KB-E 236-x,116,,
fol. 118r,,WStLA_Grundbuch_Stadt_Wien_B1_6a_237,KB-E 237-x,117,Cxviii,
fol. 118v,,WStLA_Grundbuch_Stadt_Wien_B1_6a_238,KB-E 238-x,117,,
fol. 119r,,WStLA_Grundbuch_Stadt_Wien_B1_6a_239,KB-E 239-x,118,Cxviiii,
fol. 119v,,WStLA_Grundbuch_Stadt_Wien_B1_6a_240,KB-E 240-x,118,,
fol. 120r,,WStLA_Grundbuch_Stadt_Wien_B1_6a_241,KB-E 241-x,119,Cxx,
fol. 120v,,WStLA_Grundbuch_Stadt_Wien_B1_6a_242,KB-E 242-x,119,,
fol. 121r,,WStLA_Grundbuch_Stadt_Wien_B1_6a_243,KB-E 243-x,120,Cxxi,
fol. 121v,,WStLA_Grundbuch_Stadt_Wien_B1_6a_244,KB-E 244-x,120,,
fol. 122r,,WStLA_Grundbuch_Stadt_Wien_B1_6a_245,KB-E 245-x,121,Cxxii,
fol. 122v,,WStLA_Grundbuch_Stadt_Wien_B1_6a_246,KB-E 246-x,121,,
fol. 123r,,WStLA_Grundbuch_Stadt_Wien_B1_6a_247,KB-E 247-x,122,Cxxiii,
fol. 123v,,WStLA_Grundbuch_Stadt_Wien_B1_6a_248,KB-E 248-x,122,,
fol. 124r,,WStLA_Grundbuch_Stadt_Wien_B1_6a_249,KB-E 249-x,123,Cxxiiii,
fol. 124v,,WStLA_Grundbuch_Stadt_Wien_B1_6a_250,KB-E 250-x,123,,
fol. 125r,,WStLA_Grundbuch_Stadt_Wien_B1_6a_251,KB-E 251-x,124,Cxxv,
fol. 125v,,WStLA_Grundbuch_Stadt_Wien_B1_6a_252,KB-E 252-x,124,,
fol. 126r,,WStLA_Grundbuch_Stadt_Wien_B1_6a_253,KB-E 253-x,125,Cxxvi,
fol. 126v,,WStLA_Grundbuch_Stadt_Wien_B1_6a_254,KB-E 254-x,125,,
fol. 127r,,WStLA_Grundbuch_Stadt_Wien_B1_6a_255,KB-E 255-x,126,Cxxvii,
fol. 127v,,WStLA_Grundbuch_Stadt_Wien_B1_6a_256,KB-E 256-x,126,,
fol. 128r,,WStLA_Grundbuch_Stadt_Wien_B1_6a_257,KB-E 257-x,127,Cxxviii,
fol. 128v,,WStLA_Grundbuch_Stadt_Wien_B1_6a_258,KB-E 258-x,127,,
fol. 129r,,WStLA_Grundbuch_Stadt_Wien_B1_6a_259,KB-E 259-x,128,Cxxviiii,
fol. 129v,,WStLA_Grundbuch_Stadt_Wien_B1_6a_260,KB-E 260-x,128,,
fol. 130r,,WStLA_Grundbuch_Stadt_Wien_B1_6a_261,KB-E 261-x,129,Cxxx,
fol. 130v,,WStLA_Grundbuch_Stadt_Wien_B1_6a_262,KB-E 262-x,129,,
fol. 131r,,WStLA_Grundbuch_Stadt_Wien_B1_6a_263,KB-E 263-x,130,Cxxxi,
fol. 131v,,WStLA_Grundbuch_Stadt_Wien_B1_6a_264,KB-E 264-x,130,,
fol. 132r,,WStLA_Grundbuch_Stadt_Wien_B1_6a_265,KB-E 265-x,131,Cxxxii,
fol. 132v,,WStLA_Grundbuch_Stadt_Wien_B1_6a_266,KB-E 266-x,131,,
fol. 133r,,WStLA_Grundbuch_Stadt_Wien_B1_6a_267,KB-E 267-x,132,Cxxxiii,
fol. 133v,,WStLA_Grundbuch_Stadt_Wien_B1_6a_268,KB-E 268-x,132,,
fol. 134r,,WStLA_Grundbuch_Stadt_Wien_B1_6a_269,KB-E 269-x,133,Cxxxiiii,
fol. 134v,,WStLA_Grundbuch_Stadt_Wien_B1_6a_270,KB-E 270-x,133,,
fol. 135r,,WStLA_Grundbuch_Stadt_Wien_B1_6a_271,KB-E 271-x,134,Cxxxv,
fol. 135v,,WStLA_Grundbuch_Stadt_Wien_B1_6a_272,KB-E 272-x,134,,
fol. 136r,,WStLA_Grundbuch_Stadt_Wien_B1_6a_273,KB-E 273-x,135,Cxxxvi,
fol. 136v,,WStLA_Grundbuch_Stadt_Wien_B1_6a_274,KB-E 274-x,135,,
fol. 137r,,WStLA_Grundbuch_Stadt_Wien_B1_6a_275,(leer),136,Cxxxvii,
fol. 137v,,WStLA_Grundbuch_Stadt_Wien_B1_6a_276,(leer),136,,
fol. 138r,,WStLA_Grundbuch_Stadt_Wien_B1_6a_277,(leer),137,Cxxxviii,
fol. 138v,,WStLA_Grundbuch_Stadt_Wien_B1_6a_278,(leer),137,,
fol. 139r,,WStLA_Grundbuch_Stadt_Wien_B1_6a_279,(leer),138,Cxxxviiii,
fol. 139v,,WStLA_Grundbuch_Stadt_Wien_B1_6a_280,(leer),138,,
fol. 140r,,WStLA_Grundbuch_Stadt_Wien_B1_6a_281,(leer),139,Cxl,
fol. 140v,,WStLA_Grundbuch_Stadt_Wien_B1_6a_282,(leer),139,,
fol. 141r,,WStLA_Grundbuch_Stadt_Wien_B1_6a_283,(leer),140,Cxli,
fol. 141v,,WStLA_Grundbuch_Stadt_Wien_B1_6a_284,(leer),140,,
fol. 142r,,WStLA_Grundbuch_Stadt_Wien_B1_6a_285,(leer),141,Cxlii,
fol. 142v,,WStLA_Grundbuch_Stadt_Wien_B1_6a_286,(leer),141,,
fol. 143r,,WStLA_Grundbuch_Stadt_Wien_B1_6a_287,KB-E 287-x,142,Cxliii,
fol. 143v,,WStLA_Grundbuch_Stadt_Wien_B1_6a_288,KB-E 288-x,142,,
fol. 144r,,WStLA_Grundbuch_Stadt_Wien_B1_6a_289,KB-E 289-x,143,Cxliii,
fol. 144v,,WStLA_Grundbuch_Stadt_Wien_B1_6a_290,KB-E 290-x,143,,
fol. 145r,,WStLA_Grundbuch_Stadt_Wien_B1_6a_291,KB-E 291-x,144,Cxlv,
fol. 145v,,WStLA_Grundbuch_Stadt_Wien_B1_6a_292,KB-E 292-x,144,,
fol. 146r,,WStLA_Grundbuch_Stadt_Wien_B1_6a_293,KB-E 293-x,145,Cxlvi,
fol. 146v,,WStLA_Grundbuch_Stadt_Wien_B1_6a_294,KB-E 294-x,145,,
fol. 147r,,WStLA_Grundbuch_Stadt_Wien_B1_6a_295,KB-E 295-x,146,Cxlvii,
fol. 147v,,WStLA_Grundbuch_Stadt_Wien_B1_6a_296,KB-E 296-x,146,,
fol. 148r,,WStLA_Grundbuch_Stadt_Wien_B1_6a_297,KB-E 297-x,147,Cxlviii,
fol. 148v,,WStLA_Grundbuch_Stadt_Wien_B1_6a_298,KB-E 298-x,147,,
fol. 149r,,WStLA_Grundbuch_Stadt_Wien_B1_6a_299,KB-E 299-x,148,Cxlviii,
fol. 149v,,WStLA_Grundbuch_Stadt_Wien_B1_6a_300,KB-E 300-x,148,,
fol. 150r,,WStLA_Grundbuch_Stadt_Wien_B1_6a_301,KB-E 301-x,149,Cl,
fol. 150v,,WStLA_Grundbuch_Stadt_Wien_B1_6a_302,KB-E 302-x,149,,
fol. 151r,,WStLA_Grundbuch_Stadt_Wien_B1_6a_303,KB-E 303-x,150,Cli,
fol. 151v,,WStLA_Grundbuch_Stadt_Wien_B1_6a_304,KB-E 304-x,150,,
fol. 152r,,WStLA_Grundbuch_Stadt_Wien_B1_6a_305,KB-E 305-x,151,Clii,
fol. 152v,,WStLA_Grundbuch_Stadt_Wien_B1_6a_306,KB-E 306-x,151,,
fol. 153r,,WStLA_Grundbuch_Stadt_Wien_B1_6a_307,KB-E 307-x,152,Cliii,
fol. 153v,,WStLA_Grundbuch_Stadt_Wien_B1_6a_308,(leer),152,,
fol. 154r,,WStLA_Grundbuch_Stadt_Wien_B1_6a_309,KB-E 309-x,153,Cliiii,
fol. 154v,,WStLA_Grundbuch_Stadt_Wien_B1_6a_310,KB-E 310-x,153,,
fol. 155r,,WStLA_Grundbuch_Stadt_Wien_B1_6a_311,KB-E 311-x,154,Clv,
fol. 155v,,WStLA_Grundbuch_Stadt_Wien_B1_6a_312,KB-E 312-x,154,,
fol. 156r,,WStLA_Grundbuch_Stadt_Wien_B1_6a_313,KB-E 313-x,155,Clvi,
fol. 156v,,WStLA_Grundbuch_Stadt_Wien_B1_6a_314,KB-E 314-x,155,,
fol. 157r,,WStLA_Grundbuch_Stadt_Wien_B1_6a_315,(leer),156,Clvii,
fol. 157v,,WStLA_Grundbuch_Stadt_Wien_B1_6a_316,(leer),156,,
fol. 158r,,WStLA_Grundbuch_Stadt_Wien_B1_6a_317,(leer),157,Clviii,
fol. 158v,,WStLA_Grundbuch_Stadt_Wien_B1_6a_318,(leer),157,,
fol. 159r,,WStLA_Grundbuch_Stadt_Wien_B1_6a_319,(leer),158,Clviiii,
fol. 159v,,WStLA_Grundbuch_Stadt_Wien_B1_6a_320,(leer),158,,
fol. 160r,,WStLA_Grundbuch_Stadt_Wien_B1_6a_321,(leer),159,Clx,
fol. 160v,,WStLA_Grundbuch_Stadt_Wien_B1_6a_322,(leer),159,,
fol. 161r,,WStLA_Grundbuch_Stadt_Wien_B1_6a_323,(leer),160,Clxi,
fol. 161v,,WStLA_Grundbuch_Stadt_Wien_B1_6a_324,(leer),160,,
fol. 162r,,WStLA_Grundbuch_Stadt_Wien_B1_6a_325,(leer),161,Clxii,
fol. 162v,,WStLA_Grundbuch_Stadt_Wien_B1_6a_326,(leer),161,,
fol. 163r,,WStLA_Grundbuch_Stadt_Wien_B1_6a_327,(leer),162,Clxiii,
fol. 163v,,WStLA_Grundbuch_Stadt_Wien_B1_6a_328,(leer),162,,
fol. 164r,,WStLA_Grundbuch_Stadt_Wien_B1_6a_329,(leer),163,Clxiiii,
fol. 164v,,WStLA_Grundbuch_Stadt_Wien_B1_6a_330,(leer),163,,
fol. 165r,,WStLA_Grundbuch_Stadt_Wien_B1_6a_331,KB-E 331-x,164,Clxv,
fol. 165v,,WStLA_Grundbuch_Stadt_Wien_B1_6a_332,KB-E 332-x,164,,
fol. 166r,,WStLA_Grundbuch_Stadt_Wien_B1_6a_333,KB-E 333-x,165,Clxvi,
fol. 166v,,WStLA_Grundbuch_Stadt_Wien_B1_6a_334,KB-E 334-x,165,,
fol. 167r,,WStLA_Grundbuch_Stadt_Wien_B1_6a_335,KB-E 335-x,166,Clxvii,
fol. 167v,,WStLA_Grundbuch_Stadt_Wien_B1_6a_336,KB-E 336-x,166,,
fol. 168r,,WStLA_Grundbuch_Stadt_Wien_B1_6a_337,KB-E 337-x,167,Clxviii,
fol. 168v,,WStLA_Grundbuch_Stadt_Wien_B1_6a_338,KB-E 338-x,167,,
fol. 169r,,WStLA_Grundbuch_Stadt_Wien_B1_6a_339,KB-E 339-x,168,Clxviiii,
fol. 169v,,WStLA_Grundbuch_Stadt_Wien_B1_6a_340,KB-E 340-x,168,,
fol. 170r,,WStLA_Grundbuch_Stadt_Wien_B1_6a_341,KB-E 341-x,169,Clxx,
fol. 170v,,WStLA_Grundbuch_Stadt_Wien_B1_6a_342,KB-E 342-x,169,,
fol. 171r,,WStLA_Grundbuch_Stadt_Wien_B1_6a_343,KB-E 343-x,170,Clxxi,
fol. 171v,,WStLA_Grundbuch_Stadt_Wien_B1_6a_344,KB-E 344-x,170,,
fol. 172r,,WStLA_Grundbuch_Stadt_Wien_B1_6a_345,KB-E 345-x,171,Clxxii,
fol. 172v,,WStLA_Grundbuch_Stadt_Wien_B1_6a_346,KB-E 346-x,171,,
fol. 173r,,WStLA_Grundbuch_Stadt_Wien_B1_6a_347,KB-E 347-x,172,Clxxiii,
fol. 173v,,WStLA_Grundbuch_Stadt_Wien_B1_6a_348,KB-E 348-x,172,,
fol. 174r,,WStLA_Grundbuch_Stadt_Wien_B1_6a_349,KB-E 349-x,173,Clxxiiii,
fol. 174v,,WStLA_Grundbuch_Stadt_Wien_B1_6a_350,KB-E 350-x,173,,
fol. 175r,,WStLA_Grundbuch_Stadt_Wien_B1_6a_351,KB-E 351-x,174,Clxxv,
fol. 175v,,WStLA_Grundbuch_Stadt_Wien_B1_6a_352,KB-E 352-x,174,,
fol. 176r,,WStLA_Grundbuch_Stadt_Wien_B1_6a_353,KB-E 353-x,175,Clxxvi,
fol. 176v,,WStLA_Grundbuch_Stadt_Wien_B1_6a_354,KB-E 354-x,175,,
fol. 177r,,WStLA_Grundbuch_Stadt_Wien_B1_6a_355,KB-E 355-x,176,Clxxvii,
fol. 177v,,WStLA_Grundbuch_Stadt_Wien_B1_6a_356,KB-E 356-x,176,,
fol. 178r,,WStLA_Grundbuch_Stadt_Wien_B1_6a_357,KB-E 357-x,177,Clxxviii,
fol. 178v,,WStLA_Grundbuch_Stadt_Wien_B1_6a_358,KB-E 358-x,177,,
fol. 179r,,WStLA_Grundbuch_Stadt_Wien_B1_6a_359,KB-E 359-x,178,Clxxviiii,
fol. 179v,,WStLA_Grundbuch_Stadt_Wien_B1_6a_360,KB-E 360-x,178,,
fol. 180r,,WStLA_Grundbuch_Stadt_Wien_B1_6a_361,KB-E 361-x,179,Clxxx,
fol. 180v,,WStLA_Grundbuch_Stadt_Wien_B1_6a_362,KB-E 362-x,179,,
fol. 181r,,WStLA_Grundbuch_Stadt_Wien_B1_6a_363,KB-E 363-x,180,Clxxxi,
fol. 181v,,WStLA_Grundbuch_Stadt_Wien_B1_6a_364,KB-E 364-x,180,,
fol. 182r,,WStLA_Grundbuch_Stadt_Wien_B1_6a_365,KB-E 365-x,181,Clxxxii,
fol. 182v,,WStLA_Grundbuch_Stadt_Wien_B1_6a_366,KB-E 366-x,181,,
fol. 183r,,WStLA_Grundbuch_Stadt_Wien_B1_6a_367,KB-E 367-x,182,Clxxxiii,
fol. 183v,,WStLA_Grundbuch_Stadt_Wien_B1_6a_368,KB-E 368-x,182,,
fol. 184r,,WStLA_Grundbuch_Stadt_Wien_B1_6a_369,KB-E 369-x,183,Clxxxiiii,
fol. 184v,,WStLA_Grundbuch_Stadt_Wien_B1_6a_370,KB-E 370-x,183,,
fol. 185r,,WStLA_Grundbuch_Stadt_Wien_B1_6a_371,KB-E 371-x,184,Clxxxv,
fol. 185v,,WStLA_Grundbuch_Stadt_Wien_B1_6a_372,KB-E 372-x,184,,
fol. 186r,,WStLA_Grundbuch_Stadt_Wien_B1_6a_373,KB-E 373-x,185,Clxxxvi,
fol. 186v,,WStLA_Grundbuch_Stadt_Wien_B1_6a_374,KB-E 374-x,185,,
fol. 187r,,WStLA_Grundbuch_Stadt_Wien_B1_6a_375,KB-E 375-x,186,Clxxxvii,
fol. 187v,,WStLA_Grundbuch_Stadt_Wien_B1_6a_376,KB-E 376-x,186,,
fol. 188r,,WStLA_Grundbuch_Stadt_Wien_B1_6a_377,KB-E 377-x,187,Clxxxviii,
fol. 188v,,WStLA_Grundbuch_Stadt_Wien_B1_6a_378,KB-E 378-x,187,,
fol. 189r,,WStLA_Grundbuch_Stadt_Wien_B1_6a_379,KB-E 379-x,188,Clxxxviiii,
fol. 189v,,WStLA_Grundbuch_Stadt_Wien_B1_6a_380,KB-E 380-x,188,,
fol. 190r,,WStLA_Grundbuch_Stadt_Wien_B1_6a_381,KB-E 381-x,189,Clxxxx,
fol. 190v,,WStLA_Grundbuch_Stadt_Wien_B1_6a_382,KB-E 382-x,189,,
fol. 191r,,WStLA_Grundbuch_Stadt_Wien_B1_6a_383,KB-E 383-x,190,Clxxxxi,
fol. 191v,,WStLA_Grundbuch_Stadt_Wien_B1_6a_384,KB-E 384-x,190,,
fol. 192r,,WStLA_Grundbuch_Stadt_Wien_B1_6a_385,KB-E 385-x,191,Clxxxxii,
fol. 192v,,WStLA_Grundbuch_Stadt_Wien_B1_6a_386,KB-E 386-x,191,,
fol. 193r,,WStLA_Grundbuch_Stadt_Wien_B1_6a_387,KB-E 387-x,192,Clxxxxiii,
fol. 193v,,WStLA_Grundbuch_Stadt_Wien_B1_6a_388,KB-E 388-x,192,,
fol. 194r,,WStLA_Grundbuch_Stadt_Wien_B1_6a_389,KB-E 389-x,193,Clxxxxiiii,
fol. 194v,,WStLA_Grundbuch_Stadt_Wien_B1_6a_390,KB-E 390-x,193,,
fol. 195r,,WStLA_Grundbuch_Stadt_Wien_B1_6a_391,KB-E 391-x,194,Clxxxxv,
fol. 195v,,WStLA_Grundbuch_Stadt_Wien_B1_6a_392,KB-E 392-x,194,,
fol. 196r,,WStLA_Grundbuch_Stadt_Wien_B1_6a_393,KB-E 393-x,195,Clxxxxvi,
fol. 196v,,WStLA_Grundbuch_Stadt_Wien_B1_6a_394,(leer),195,,
fol. 197r,,WStLA_Grundbuch_Stadt_Wien_B1_6a_395,KB-E 395-x,196,Clxxxxvii,
fol. 197v,,WStLA_Grundbuch_Stadt_Wien_B1_6a_396,KB-E 396-x,196,,
fol. 198r,,WStLA_Grundbuch_Stadt_Wien_B1_6a_397,KB-E 397-x,197,Clxxxxviii,
fol. 198v,,WStLA_Grundbuch_Stadt_Wien_B1_6a_398,KB-E 398-x,197,,
fol. 199r,,WStLA_Grundbuch_Stadt_Wien_B1_6a_399,KB-E 399-x,198,Clxxxxviiii,
fol. 199v,,WStLA_Grundbuch_Stadt_Wien_B1_6a_400,KB-E 400-x,198,,
fol. 200r,,WStLA_Grundbuch_Stadt_Wien_B1_6a_401,KB-E 401-x,199,CC,
fol. 200v,,WStLA_Grundbuch_Stadt_Wien_B1_6a_402,KB-E 402-x,199,,
fol. 201r,,WStLA_Grundbuch_Stadt_Wien_B1_6a_403,KB-E 403-x,200,CCi,
fol. 201v,,WStLA_Grundbuch_Stadt_Wien_B1_6a_404,KB-E 404-x,200,,
fol. 202r,,WStLA_Grundbuch_Stadt_Wien_B1_6a_405,KB-E 405-x,201,CCii,
fol. 202v,,WStLA_Grundbuch_Stadt_Wien_B1_6a_406,KB-E 406-x,201,,
fol. 203r,,WStLA_Grundbuch_Stadt_Wien_B1_6a_407,KB-E 407-x,202,CCiii,
fol. 203v,,WStLA_Grundbuch_Stadt_Wien_B1_6a_408,KB-E 408-x,202,,
fol. 204r,,WStLA_Grundbuch_Stadt_Wien_B1_6a_409,KB-E 409-x,203,CCiiii,
fol. 204v,,WStLA_Grundbuch_Stadt_Wien_B1_6a_410,KB-E 410-x,203,,
fol. 205r,,WStLA_Grundbuch_Stadt_Wien_B1_6a_411,KB-E 411-x,204,CCv,
fol. 205v,,WStLA_Grundbuch_Stadt_Wien_B1_6a_412,KB-E 412-x,204,,
fol. 206r,,WStLA_Grundbuch_Stadt_Wien_B1_6a_413,KB-E 413-x,205,CCvi,
fol. 206v,,WStLA_Grundbuch_Stadt_Wien_B1_6a_414,KB-E 414-x,205,,
fol. 207r,,WStLA_Grundbuch_Stadt_Wien_B1_6a_415,KB-E 415-x,206,CCvii,
fol. 207v,,WStLA_Grundbuch_Stadt_Wien_B1_6a_416,KB-E 416-x,206,,
fol. 208r,,WStLA_Grundbuch_Stadt_Wien_B1_6a_417,KB-E 417-x,207,CCviii,
fol. 208v,,WStLA_Grundbuch_Stadt_Wien_B1_6a_418,KB-E 418-x,207,,
fol. 209r,,WStLA_Grundbuch_Stadt_Wien_B1_6a_419,KB-E 419-x,208,CCviiii,
fol. 209v,,WStLA_Grundbuch_Stadt_Wien_B1_6a_420,KB-E 420-x,208,,
fol. 210r,,WStLA_Grundbuch_Stadt_Wien_B1_6a_421,KB-E 421-x,209,CCx,
fol. 210v,,WStLA_Grundbuch_Stadt_Wien_B1_6a_422,KB-E 422-x,209,,
fol. 211r,,WStLA_Grundbuch_Stadt_Wien_B1_6a_423,KB-E 423-x,210,CCxi,
fol. 211v,,WStLA_Grundbuch_Stadt_Wien_B1_6a_424,KB-E 424-x,210,,
fol. 212r,,WStLA_Grundbuch_Stadt_Wien_B1_6a_425,KB-E 425-x,211,CCxii,
fol. 212v,,WStLA_Grundbuch_Stadt_Wien_B1_6a_426,KB-E 426-x,211,,
fol. 213r,,WStLA_Grundbuch_Stadt_Wien_B1_6a_427,KB-E 427-x,212,CCxiii,
fol. 213v,,WStLA_Grundbuch_Stadt_Wien_B1_6a_428,KB-E 428-x,212,,
fol. 214r,,WStLA_Grundbuch_Stadt_Wien_B1_6a_429,KB-E 429-x,213,CCxiiii,
fol. 214v,,WStLA_Grundbuch_Stadt_Wien_B1_6a_430,KB-E 430-x,213,,
fol. 215r,,WStLA_Grundbuch_Stadt_Wien_B1_6a_431,KB-E 431-x,214,CCxv,
fol. 215v,,WStLA_Grundbuch_Stadt_Wien_B1_6a_432,KB-E 432-x,214,,
fol. 216r,,WStLA_Grundbuch_Stadt_Wien_B1_6a_433,KB-E 433-x,215,CCxvi,
fol. 216v,,WStLA_Grundbuch_Stadt_Wien_B1_6a_434,KB-E 434-x,215,,
fol. 217r,,WStLA_Grundbuch_Stadt_Wien_B1_6a_435,KB-E 435-x,216,CCxvii,
fol. 217v,,WStLA_Grundbuch_Stadt_Wien_B1_6a_436,KB-E 436-x,216,,
fol. 218r,,WStLA_Grundbuch_Stadt_Wien_B1_6a_437,KB-E 437-x,217,CCxviii,
fol. 218v,,WStLA_Grundbuch_Stadt_Wien_B1_6a_438,KB-E 438-x,217,,
fol. 219r,,WStLA_Grundbuch_Stadt_Wien_B1_6a_439,KB-E 439-x,218,CCxviiii,
fol. 219v,,WStLA_Grundbuch_Stadt_Wien_B1_6a_440,KB-E 440-x,218,,
fol. 220r,,WStLA_Grundbuch_Stadt_Wien_B1_6a_441,(leer),219,CCxx,
fol. 220v,,WStLA_Grundbuch_Stadt_Wien_B1_6a_442,(leer),219,,
fol. 221r,,WStLA_Grundbuch_Stadt_Wien_B1_6a_443,(leer),220,CCxxi,
fol. 221v,,WStLA_Grundbuch_Stadt_Wien_B1_6a_444,(leer),220,,
fol. 222r,,WStLA_Grundbuch_Stadt_Wien_B1_6a_445,(leer),221,CCxxii,
fol. 222v,,WStLA_Grundbuch_Stadt_Wien_B1_6a_446,(leer),221,,
fol. 223r,,WStLA_Grundbuch_Stadt_Wien_B1_6a_447,(leer),222,CCxxiii,
fol. 223v,,WStLA_Grundbuch_Stadt_Wien_B1_6a_448,(leer),222,,
fol. 224r,,WStLA_Grundbuch_Stadt_Wien_B1_6a_449,KB-E 449-x,223,CCxxiiii,
fol. 224v,,WStLA_Grundbuch_Stadt_Wien_B1_6a_450,KB-E 450-x,223,,
fol. 225r,,WStLA_Grundbuch_Stadt_Wien_B1_6a_451,KB-E 451-x,224,CCxxv,
fol. 225v,,WStLA_Grundbuch_Stadt_Wien_B1_6a_452,KB-E 452-x,224,,
fol. 226r,,WStLA_Grundbuch_Stadt_Wien_B1_6a_453,KB-E 453-x,225,CCxxvi,
fol. 226v,,WStLA_Grundbuch_Stadt_Wien_B1_6a_454,KB-E 454-x,225,,
fol. 227r,,WStLA_Grundbuch_Stadt_Wien_B1_6a_455,KB-E 455-x,226,CCxxvii,
fol. 227v,,WStLA_Grundbuch_Stadt_Wien_B1_6a_456,KB-E 456-x,226,,
fol. 228r,,WStLA_Grundbuch_Stadt_Wien_B1_6a_457,KB-E 457-x,227,CCxxviii,
fol. 228v,,WStLA_Grundbuch_Stadt_Wien_B1_6a_458,KB-E 458-x,227,,
fol. 229r,,WStLA_Grundbuch_Stadt_Wien_B1_6a_459,KB-E 459-x,228,CCxxviiii,
fol. 229v,,WStLA_Grundbuch_Stadt_Wien_B1_6a_460,KB-E 460-x,228,,
fol. 230r,,WStLA_Grundbuch_Stadt_Wien_B1_6a_461,KB-E 461-x,229,CCxxx,
fol. 230v,,WStLA_Grundbuch_Stadt_Wien_B1_6a_462,KB-E 462-x,229,,
fol. 231r,,WStLA_Grundbuch_Stadt_Wien_B1_6a_463,KB-E 463-x,230,CCxxxi,
fol. 231v,,WStLA_Grundbuch_Stadt_Wien_B1_6a_464,KB-E 464-x,230,,
fol. 232r,,WStLA_Grundbuch_Stadt_Wien_B1_6a_465,KB-E 465-x,231,CCxxxii,
fol. 232v,,WStLA_Grundbuch_Stadt_Wien_B1_6a_466,KB-E 466-x,231,,
fol. 233r,,WStLA_Grundbuch_Stadt_Wien_B1_6a_467,KB-E 467-x,232,CCxxxiii,
fol. 233v,,WStLA_Grundbuch_Stadt_Wien_B1_6a_468,KB-E 468-x,232,,
fol. 234r,,WStLA_Grundbuch_Stadt_Wien_B1_6a_469,KB-E 469-x,223,CCxxxiiii,
fol. 234v,,WStLA_Grundbuch_Stadt_Wien_B1_6a_470,KB-E 470-x,233,,
fol. 235r,,WStLA_Grundbuch_Stadt_Wien_B1_6a_471,KB-E 471-x,234,CCxxv,
fol. 235v,,WStLA_Grundbuch_Stadt_Wien_B1_6a_472,KB-E 472-x,234,,
fol. 236r,,WStLA_Grundbuch_Stadt_Wien_B1_6a_473,KB-E 473-x,235,CCxxxvi,
fol. 236v,,WStLA_Grundbuch_Stadt_Wien_B1_6a_474,KB-E 474-x,235,,
fol. 237r,,WStLA_Grundbuch_Stadt_Wien_B1_6a_475,KB-E 475-x,236,CCxxxvii,
fol. 237v,,WStLA_Grundbuch_Stadt_Wien_B1_6a_476,KB-E 476-x,236,,
fol. 238r,,WStLA_Grundbuch_Stadt_Wien_B1_6a_477,KB-E 477-x,237,CCxxxviii,
fol. 238v,,WStLA_Grundbuch_Stadt_Wien_B1_6a_478,KB-E 478-x,237,,
fol. 239r,,WStLA_Grundbuch_Stadt_Wien_B1_6a_479,KB-E 479-x,238,CCxxxviiii,
fol. 239v,,WStLA_Grundbuch_Stadt_Wien_B1_6a_480,KB-E 480-x,238,,
fol. 240r,,WStLA_Grundbuch_Stadt_Wien_B1_6a_481,KB-E 481-x,239,CCxl,
fol. 240v,,WStLA_Grundbuch_Stadt_Wien_B1_6a_482,KB-E 482-x,239,,
fol. 241r,,WStLA_Grundbuch_Stadt_Wien_B1_6a_483,KB-E 483-x,240,CCxli,
fol. 241v,,WStLA_Grundbuch_Stadt_Wien_B1_6a_484,KB-E 484-x,240,,
fol. 242r,,WStLA_Grundbuch_Stadt_Wien_B1_6a_485,KB-E 485-x,241,CCxlii,
fol. 242v,,WStLA_Grundbuch_Stadt_Wien_B1_6a_486,KB-E 486-x,241,,
fol. 243r,,WStLA_Grundbuch_Stadt_Wien_B1_6a_487,(leer),242,CCxliii,
fol. 243v,,WStLA_Grundbuch_Stadt_Wien_B1_6a_488,(leer),242,,
fol. 244r,,WStLA_Grundbuch_Stadt_Wien_B1_6a_489,(leer),243,CCxliiii,
fol. 244v,,WStLA_Grundbuch_Stadt_Wien_B1_6a_490,(leer),243,,
fol. 245r,,WStLA_Grundbuch_Stadt_Wien_B1_6a_491,(leer),244,CCxlv,
fol. 245v,,WStLA_Grundbuch_Stadt_Wien_B1_6a_492,(leer),244,,
fol. 246r,,WStLA_Grundbuch_Stadt_Wien_B1_6a_493,(leer),245,CCxlvi,
fol. 246v,,WStLA_Grundbuch_Stadt_Wien_B1_6a_494,(leer),245,,
fol. 247r,,WStLA_Grundbuch_Stadt_Wien_B1_6a_495,(leer),246,CCxlvii,
fol. 247v,,WStLA_Grundbuch_Stadt_Wien_B1_6a_496,(leer),246,,
fol. 248r,,WStLA_Grundbuch_Stadt_Wien_B1_6a_497,KB-E 497-x,247,CCxlviii,
fol. 248v,,WStLA_Grundbuch_Stadt_Wien_B1_6a_498,KB-E 498-x,247,,
fol. 249r,,WStLA_Grundbuch_Stadt_Wien_B1_6a_499,(leer),248,CCxlviiii,
fol. 249v,,WStLA_Grundbuch_Stadt_Wien_B1_6a_500,(leer),248,,
fol. 250r,,WStLA_Grundbuch_Stadt_Wien_B1_6a_501,(leer),249,CCl,
fol. 250v,,WStLA_Grundbuch_Stadt_Wien_B1_6a_502,(leer),249,,
fol. 251r,,WStLA_Grundbuch_Stadt_Wien_B1_6a_503,(leer),250,CCli,
fol. 251v,,WStLA_Grundbuch_Stadt_Wien_B1_6a_504,(leer),250,,
fol. 252r,,WStLA_Grundbuch_Stadt_Wien_B1_6a_505,(leer),251,CClii,
fol. 252v,,WStLA_Grundbuch_Stadt_Wien_B1_6a_506,(leer),251,,
Rückdeckel innen,,WStLA_Grundbuch_Stadt_Wien_B1_6a_507,,,,
Rückdecken außen,,WStLA_Grundbuch_Stadt_Wien_B1_6a_508,,,,